, etot, eang, etor, evdw, ehb, ecoul, density
0 , -14040.37331 , 5.38962444 , 7.45792527 , 102.40494379 , -0.27884075 , -16.81209562 , 1.8027258880452113
1 , -14040.5463 , 5.39717918 , 7.47036312 , 102.42976816 , -0.27592206 , -16.77169482 , 1.7759017903187504
2 , -14040.58877 , 5.02362137 , 7.78306842 , 102.01175652 , -0.28258254 , -17.13422501 , 1.7639991167139555
3 , -14040.42991 , 5.39407752 , 7.46316547 , 102.4089834 , -0.27696752 , -16.80739731 , 1.7681223132920845
4 , -14040.59667 , 5.02417345 , 7.78212919 , 102.00998735 , -0.28226738 , -17.13285147 , 1.7665189813444504
5 , -14040.52916 , 5.40411231 , 7.46234152 , 102.45472603 , -0.2804617 , -16.76486037 , 1.786710648487827
6 , -14040.38774 , 5.38990074 , 7.45896045 , 102.40661208 , -0.27862534 , -16.81111285 , 1.806879967117356
7 , -14040.48395 , 5.38145646 , 7.50648276 , 102.34004564 , -0.27447359 , -16.88628705 , 1.7770034784501114
8 , -14040.45962 , 5.40456659 , 7.44905516 , 102.45163915 , -0.28495845 , -16.79802252 , 1.77877423661219
9 , -14040.81746 , 5.09477842 , 7.65436954 , 102.460467 , -0.27180631 , -16.7228915 , 1.7224348188057819
10 , -14040.76809 , 4.80874163 , 7.89335703 , 101.92358637 , -0.27609101 , -16.79015583 , 1.7456263641839798
11 , -14040.66079 , 4.95609252 , 8.04264115 , 101.80317044 , -0.26623425 , -16.52669927 , 1.7820311099430768
12 , -14040.76653 , 4.7277878 , 7.93529715 , 101.68678685 , -0.28075918 , -16.57321807 , 1.7490001766098038
13 , -14040.67347 , 5.08696272 , 7.63599712 , 102.46576951 , -0.28320865 , -16.42233782 , 1.7870467341559595
14 , -14040.68416 , 4.95524433 , 8.03958486 , 101.80087891 , -0.26553254 , -16.51421258 , 1.7881716962149559
15 , -14040.83489 , 4.85040236 , 7.93258948 , 101.75501095 , -0.29499915 , -17.22068224 , 1.8234474348135339
16 , -14040.87071 , 4.85138235 , 7.9326816 , 101.75847284 , -0.29488408 , -17.22236681 , 1.8146156358438579
17 , -14040.84022 , 4.85050872 , 7.93258336 , 101.75740813 , -0.29490678 , -17.22148679 , 1.8171258864647024
18 , -14040.86096 , 4.85419091 , 7.93278232 , 101.76319144 , -0.29483514 , -17.22830791 , 1.7971646449616412
19 , -14040.38199 , 5.08376901 , 7.66411844 , 102.19982867 , -0.29831797 , -16.62150105 , 1.7895170144357428
20 , -14040.29914 , 5.09042073 , 7.66725984 , 102.21974256 , -0.30391197 , -16.70915541 , 1.7732596627933275
21 , -14040.54322 , 5.14993161 , 7.55241853 , 102.31355453 , -0.2672482 , -17.01012152 , 1.8194174853069298
22 , -14040.60104 , 4.84155112 , 7.67574237 , 101.96660904 , -0.25481361 , -16.7356116 , 1.7792685936026735
23 , -14040.36514 , 5.08072672 , 7.66304892 , 102.19119313 , -0.29620797 , -16.60155237 , 1.8034573725969412
24 , -14040.53668 , 4.85240009 , 7.7289326 , 101.98366413 , -0.24875709 , -16.7329224 , 1.814034218686047
25 , -14040.53019 , 4.85237283 , 7.73031789 , 101.98285526 , -0.24860003 , -16.73359178 , 1.8029382233807196
26 , -14040.52093 , 4.83839103 , 7.74441287 , 101.95008853 , -0.24599682 , -16.71399914 , 1.8210541874777733
27 , -14040.53918 , 4.85119157 , 7.73036196 , 101.97022444 , -0.2484833 , -16.73290062 , 1.8118361593610601
28 , -14040.38762 , 5.08081224 , 7.66257026 , 102.19361315 , -0.29550093 , -16.59415551 , 1.8052104514224614
29 , -14040.5419 , 5.16598341 , 7.54010554 , 102.34969862 , -0.26584751 , -17.00407723 , 1.837070623675994
30 , -14040.61705 , 4.8397825 , 7.6764077 , 101.95876037 , -0.25366299 , -16.72681361 , 1.7997323637226776
31 , -14040.35058 , 5.03663636 , 7.67321681 , 102.04864803 , -0.27417572 , -16.60824413 , 1.8160799522845066
32 , -14040.44164 , 5.15494088 , 7.66428901 , 102.35323084 , -0.30202364 , -16.60457128 , 1.7616800837624889
33 , -14040.54263 , 5.1830994 , 7.4555346 , 102.44429141 , -0.28932456 , -17.13979459 , 1.8090636127729238
34 , -14040.51214 , 4.84935922 , 7.73190737 , 101.967785 , -0.24813937 , -16.73372957 , 1.8273887385855725
35 , -14040.37208 , 5.0802435 , 7.66359357 , 102.1957486 , -0.29651466 , -16.60528371 , 1.7891110741557583
36 , -14040.53905 , 5.19210066 , 7.45085074 , 102.46710544 , -0.29371885 , -17.16724489 , 1.7985594705075265
37 , -14040.53554 , 5.19611615 , 7.44714047 , 102.48075734 , -0.2962894 , -17.1796396 , 1.8080528407763363
38 , -14040.53969 , 5.17235966 , 7.46295712 , 102.41604366 , -0.28562097 , -17.10889725 , 1.8208322045905827
39 , -14040.54281 , 5.16490184 , 7.4688721 , 102.39078181 , -0.28365973 , -17.0895223 , 1.8239158039125185
40 , -14040.53265 , 5.20285707 , 7.44386675 , 102.50423597 , -0.2998758 , -17.19166254 , 1.7688939938782395
41 , -14040.43063 , 5.08030269 , 7.63715274 , 102.20385251 , -0.25966413 , -16.23957242 , 1.8063672654272718
42 , -14040.51719 , 5.11095305 , 7.70678741 , 102.23119138 , -0.27269567 , -16.47796044 , 1.850116273003223
43 , -14040.36202 , 5.07673096 , 7.66310748 , 102.18203094 , -0.29405856 , -16.58858412 , 1.7907826841649324
44 , -14040.92907 , 4.85621416 , 7.9336256 , 101.76609754 , -0.29485262 , -17.222032 , 1.7879949193176614
45 , -14040.83218 , 4.8527615 , 7.93284998 , 101.75977668 , -0.29486678 , -17.22384276 , 1.7991075906644447
46 , -14040.91809 , 4.8563395 , 7.93371456 , 101.76498007 , -0.29490727 , -17.22021491 , 1.7926238083808788
47 , -14040.47297 , 5.38285493 , 7.62287991 , 102.41729601 , -0.29202829 , -16.59706043 , 1.8205552203066548
48 , -14040.82835 , 4.86132318 , 7.9346692 , 101.7724677 , -0.29482298 , -17.21595679 , 1.7834918071767958
49 , -14040.81254 , 4.83947256 , 7.92079333 , 101.76174115 , -0.29472622 , -17.24576534 , 1.8192869935087392
50 , -14040.74947 , 4.7360003 , 7.84702814 , 101.67033261 , -0.3134324 , -16.99351825 , 1.7692839789861214
51 , -14040.90483 , 4.83661837 , 7.8995804 , 101.83452421 , -0.29155092 , -17.1575802 , 1.8249740676441533
52 , -14040.72297 , 4.73580238 , 7.84695292 , 101.66987948 , -0.31339833 , -16.99325674 , 1.781895249981594
53 , -14040.81382 , 5.44398318 , 7.58425748 , 102.50327382 , -0.28698926 , -17.08402746 , 1.8444749749209763
54 , -14040.52303 , 5.38325943 , 7.63153325 , 102.42497728 , -0.29183385 , -16.59765005 , 1.8045894434725862
55 , -14040.81124 , 4.85145883 , 7.93237407 , 101.75788717 , -0.29486039 , -17.22617025 , 1.8066157299869765
56 , -14040.39905 , 5.01025645 , 7.57570127 , 102.0290884 , -0.23284633 , -16.25238243 , 1.849839536852886
57 , -14040.53441 , 5.3800826 , 7.52188451 , 102.56324895 , -0.29752138 , -16.68845991 , 1.8428895500698261
58 , -14040.53173 , 5.18752696 , 7.6283464 , 102.43878902 , -0.30323904 , -16.08526314 , 1.7913297415505924
59 , -14040.56963 , 5.37877634 , 7.52229861 , 102.56405595 , -0.29755864 , -16.68843018 , 1.8304049281183892
60 , -14040.43626 , 4.99844381 , 7.5762102 , 102.03934223 , -0.23005192 , -16.205639 , 1.8443005841296065
61 , -14040.23529 , 4.75504587 , 7.66987338 , 101.84251982 , -0.26205466 , -16.55575669 , 1.8240696708493882
62 , -14040.57254 , 5.37793893 , 7.52229517 , 102.55952095 , -0.29757233 , -16.68814191 , 1.8360392419231282
63 , -14040.38288 , 5.01135688 , 7.58122816 , 102.04175792 , -0.2379996 , -16.28215916 , 1.8482467896113144
64 , -14040.36584 , 4.99848503 , 7.58230261 , 102.06167395 , -0.23190498 , -16.22440081 , 1.8136430888300707
65 , -14040.86516 , 4.98876225 , 8.01955387 , 101.74310995 , -0.28870887 , -16.70795183 , 1.8047596739696112
66 , -14040.56816 , 5.3780737 , 7.52243356 , 102.56216429 , -0.29755774 , -16.68821605 , 1.834658304755346
67 , -14040.49768 , 5.18646618 , 7.63934756 , 102.41668092 , -0.30387884 , -16.03800987 , 1.782502978895861
68 , -14040.39468 , 4.98038588 , 7.73816799 , 102.01579952 , -0.24135441 , -15.87414197 , 1.7427794464381485
69 , -14040.56096 , 5.40778432 , 7.58726304 , 102.51668882 , -0.2830581 , -16.03857627 , 1.8382850193367997
70 , -14040.33945 , 5.00199435 , 7.57131111 , 102.02384166 , -0.22345439 , -16.17899549 , 1.8439988059192964
71 , -14040.78485 , 4.9063222 , 7.75387746 , 101.90684545 , -0.24481131 , -16.35360438 , 1.763265334711128
72 , -14040.38163 , 4.98946522 , 7.72250989 , 102.08721334 , -0.23694739 , -16.02865957 , 1.771201213740482
73 , -14040.32212 , 5.11912969 , 7.45252605 , 102.25538092 , -0.222153 , -16.23577327 , 1.7744200529480683
74 , -14040.42132 , 4.99966274 , 7.57385772 , 102.04366536 , -0.22803847 , -16.19707714 , 1.8399185387024515
75 , -14040.47112 , 5.39145653 , 7.58826375 , 102.47845184 , -0.27997204 , -15.97422085 , 1.8360598715801362
76 , -14040.92791 , 4.83784673 , 7.89785302 , 101.8398063 , -0.28954774 , -17.10705952 , 1.8375747656828616
77 , -14040.3878 , 4.99747092 , 7.57366735 , 102.04397721 , -0.22785439 , -16.20187238 , 1.8529540733443146
78 , -14040.51443 , 5.37935878 , 7.5220145 , 102.56376544 , -0.29754013 , -16.68846986 , 1.8321474579428294
79 , -14040.31025 , 5.04060971 , 7.52728374 , 102.11398265 , -0.22047421 , -16.21519219 , 1.8132182470050737
80 , -14040.55014 , 5.12863464 , 7.66520665 , 102.02710742 , -0.29014693 , -17.20443259 , 1.820569556802885
81 , -14040.51281 , 4.87003681 , 7.82169254 , 101.91686971 , -0.30107262 , -17.09823631 , 1.817256871900948
82 , -14040.57919 , 4.86716554 , 7.8210275 , 101.91703731 , -0.30135947 , -17.09619569 , 1.8093660911308591
83 , -14040.63369 , 4.86622865 , 7.82032169 , 101.91694818 , -0.30143537 , -17.09566363 , 1.8085954051145976
84 , -14040.44605 , 5.13326994 , 7.65814592 , 102.03021341 , -0.28886862 , -17.20273958 , 1.8211421253380815
85 , -14040.57593 , 4.86815253 , 7.82020509 , 101.91694684 , -0.30128515 , -17.09952025 , 1.8266179273775434
86 , -14040.59507 , 4.86656431 , 7.82079798 , 101.91852152 , -0.30141534 , -17.09600941 , 1.8175564284695127
87 , -14040.55665 , 4.86955508 , 7.82185456 , 101.91540839 , -0.30103855 , -17.09548355 , 1.8147800655306123
88 , -14040.55564 , 4.86778924 , 7.82105978 , 101.91951697 , -0.30132752 , -17.09688994 , 1.8070378148797452
89 , -14040.45436 , 5.13249113 , 7.65932687 , 102.03068017 , -0.2891247 , -17.20318031 , 1.8370178563612714
90 , -14040.51132 , 5.13256205 , 7.65983746 , 102.02886682 , -0.28923535 , -17.20297357 , 1.8172210168440954
91 , -14040.52906 , 5.13030099 , 7.66252606 , 102.02749582 , -0.28964721 , -17.2034665 , 1.8225704629878932
92 , -14040.51011 , 4.86636027 , 7.8190692 , 101.91741967 , -0.30142839 , -17.09515844 , 1.7862611036669578
93 , -14040.47879 , 4.86580092 , 7.8193414 , 101.91650794 , -0.30156812 , -17.09751319 , 1.7822755411490259
94 , -14040.50546 , 4.87085063 , 7.82180475 , 101.91809947 , -0.30100384 , -17.09975016 , 1.817652731413986
95 , -14040.50664 , 4.86649316 , 7.81870212 , 101.91745229 , -0.30150043 , -17.09657212 , 1.7918419425486334
96 , -14040.55916 , 4.86860507 , 7.81904278 , 101.91333509 , -0.30130206 , -17.10246666 , 1.81407085413076
97 , -14040.41999 , 5.01227695 , 7.57189209 , 102.04713842 , -0.22477517 , -16.16762996 , 1.860949584476155
98 , -14040.46772 , 4.55220552 , 7.9456395 , 101.50352036 , -0.27424592 , -16.55906215 , 1.7718947770944786
99 , -14040.65009 , 5.11639072 , 7.62218921 , 102.23229271 , -0.27359864 , -16.58370382 , 1.7296633756549054
100 , -14040.83902 , 5.25915024 , 7.56716801 , 102.59338752 , -0.26362296 , -16.78625385 , 1.776476827923917
101 , -14040.54443 , 5.31691433 , 7.43321285 , 102.74005201 , -0.26773946 , -16.54584273 , 1.8459060648780539
102 , -14040.5746 , 4.86830774 , 7.81915038 , 101.91733414 , -0.30133843 , -17.0949584 , 1.8292756552048983
103 , -14040.53517 , 5.12559057 , 7.66902378 , 102.0248582 , -0.29081306 , -17.20429433 , 1.8184389827232699
104 , -14040.50513 , 5.13009646 , 7.6634164 , 102.02642478 , -0.28984021 , -17.20403943 , 1.8241437692516862
105 , -14040.44962 , 5.00791096 , 7.57441951 , 102.05171569 , -0.22830076 , -16.188936 , 1.857187539642673
106 , -14040.34023 , 4.76142782 , 7.67474526 , 101.69254653 , -0.22790372 , -16.10445633 , 1.8693214383576549
107 , -14040.49986 , 5.13141272 , 7.66130492 , 102.0267415 , -0.28947467 , -17.20320082 , 1.8314899288574187
108 , -14040.45969 , 4.87430355 , 7.8203122 , 101.91102368 , -0.3005843 , -17.10463496 , 1.8293479020852006
109 , -14040.5447 , 4.8710698 , 7.82140457 , 101.91906995 , -0.30091207 , -17.09977048 , 1.8252107724198823
110 , -14040.51479 , 5.13558294 , 7.65484847 , 102.03224081 , -0.28804798 , -17.20069243 , 1.8317446641599573
111 , -14040.65213 , 4.84636128 , 7.7748706 , 102.143048 , -0.30351606 , -16.91460912 , 1.765460699671901
112 , -14040.38067 , 5.0005778 , 7.57564909 , 102.03572308 , -0.22803533 , -16.19365846 , 1.8452799140920517
113 , -14040.63458 , 4.85707751 , 7.77349272 , 102.14224607 , -0.29942512 , -16.9144682 , 1.7856168409647923
114 , -14040.63831 , 4.85572503 , 7.77373272 , 102.13489782 , -0.29945734 , -16.91519647 , 1.7752279413530967
115 , -14040.62119 , 4.85292134 , 7.76681161 , 102.13651453 , -0.30035528 , -16.9147422 , 1.7797557733769638
116 , -14040.66917 , 4.85783053 , 7.77475519 , 102.14204085 , -0.29924053 , -16.91426747 , 1.7756562814971895
117 , -14040.59899 , 4.83680194 , 7.7855632 , 102.12564678 , -0.30144078 , -16.91156953 , 1.776850883428136
118 , -14040.67933 , 4.85591248 , 7.76438869 , 102.14141023 , -0.30012614 , -16.9120802 , 1.772046609286698
119 , -14040.34445 , 5.12940719 , 7.42447266 , 102.22076814 , -0.23001369 , -16.17339965 , 1.8219944213164465
120 , -14040.6294 , 4.85477597 , 7.77366367 , 102.13634258 , -0.29962316 , -16.9165492 , 1.78066812533373
121 , -14040.63032 , 4.85599851 , 7.75542232 , 102.14389484 , -0.30042222 , -16.90707573 , 1.7732726005429518
122 , -14040.33172 , 5.17005778 , 7.43058331 , 102.32822498 , -0.23548014 , -16.18584761 , 1.8076678198660763
123 , -14040.39507 , 4.78079366 , 7.65794302 , 101.93867152 , -0.28175865 , -16.572726 , 1.8016902491420241
124 , -14040.6342 , 4.85355942 , 7.76746159 , 102.13795105 , -0.3003636 , -16.91481035 , 1.7937507623139375
125 , -14040.54187 , 4.8548407 , 7.77061724 , 102.14227313 , -0.29996321 , -16.91692848 , 1.7854649037193497
126 , -14040.61831 , 4.8566202 , 7.77707504 , 102.13882678 , -0.29911186 , -16.91563339 , 1.7946248244145537
127 , -14040.66226 , 4.85833081 , 7.77574485 , 102.14331339 , -0.29913809 , -16.91398385 , 1.7708102865810524
128 , -14040.31154 , 4.78599489 , 7.6719185 , 101.7842446 , -0.23797551 , -16.17593668 , 1.8145028647095067
129 , -14040.37179 , 4.77706986 , 7.65980069 , 101.92920359 , -0.28244292 , -16.55989234 , 1.8065390445594238
130 , -14040.38586 , 4.78070154 , 7.65797853 , 101.93917018 , -0.2821601 , -16.5706492 , 1.8171145736809395
131 , -14040.41924 , 4.7799736 , 7.65809336 , 101.93617888 , -0.28220874 , -16.56607474 , 1.81055626847389
132 , -14040.46508 , 4.77895553 , 7.65886875 , 101.93461623 , -0.28264763 , -16.56228642 , 1.7945989845862302
133 , -14040.33409 , 5.00414216 , 7.58579626 , 102.05458101 , -0.22887278 , -16.24134343 , 1.7981321566672663
134 , -14040.76962 , 5.25282569 , 7.57378021 , 102.56890711 , -0.26312166 , -16.81637198 , 1.7823222478087395
135 , -14040.82843 , 5.39120689 , 7.67286256 , 102.62819233 , -0.28709641 , -16.78638533 , 1.816699682080339
136 , -14040.8542 , 5.20557091 , 7.71105502 , 102.43106583 , -0.26496235 , -16.55077376 , 1.8137082744019868
137 , -14040.70645 , 4.88111138 , 7.93360386 , 101.80224432 , -0.29449335 , -17.19960174 , 1.7367057828633465
138 , -14040.70312 , 4.88449037 , 7.93326507 , 101.80707434 , -0.29420554 , -17.18977074 , 1.734450344761225
139 , -14040.57236 , 5.37905922 , 7.52209624 , 102.56322115 , -0.2975637 , -16.68841547 , 1.8313842418497566
140 , -14040.51338 , 5.37931649 , 7.52216148 , 102.56263782 , -0.29748437 , -16.68824858 , 1.836025658961677
141 , -14040.50241 , 5.34953687 , 7.57580516 , 102.35423937 , -0.29439395 , -16.48075872 , 1.8096958364540323
142 , -14040.56497 , 5.37907983 , 7.52210141 , 102.56358768 , -0.29758997 , -16.68858014 , 1.8309417772303735
143 , -14040.52551 , 5.38280582 , 7.6200825 , 102.41586147 , -0.29211548 , -16.59539307 , 1.8227420159295282
144 , -14040.56984 , 5.37797937 , 7.52246025 , 102.56370273 , -0.29754919 , -16.68828694 , 1.8396880978540726
145 , -14040.36943 , 5.37105638 , 7.58578261 , 102.3892845 , -0.29891394 , -16.51703542 , 1.7874325164578388
146 , -14040.52684 , 5.02677374 , 7.8531501 , 102.06864606 , -0.30748704 , -16.58175055 , 1.769660382633447
147 , -14040.44167 , 4.67291171 , 7.95391951 , 101.88008973 , -0.3017087 , -16.17561696 , 1.7789385368102073
148 , -14040.25417 , 4.53055755 , 7.98437097 , 101.55049054 , -0.25143386 , -15.36314633 , 1.7446303969736312
149 , -14040.49556 , 5.13522184 , 7.65638142 , 102.02428032 , -0.28845869 , -17.20091673 , 1.828593428870871
150 , -14040.33354 , 4.77831824 , 7.67356363 , 101.79018892 , -0.23771548 , -16.22576874 , 1.866879113725561
151 , -14040.54967 , 4.86846724 , 7.82064544 , 101.915967 , -0.30122676 , -17.10004143 , 1.82294585111536
152 , -14040.65596 , 5.07085383 , 7.57464454 , 102.42173236 , -0.2723638 , -16.80295224 , 1.7738591625518327
153 , -14040.63963 , 4.91733428 , 7.8325004 , 101.75937126 , -0.26241933 , -16.20216897 , 1.7572472202994076
154 , -14040.8366 , 5.25878793 , 7.56743511 , 102.59211638 , -0.26377173 , -16.79005723 , 1.7638648954771634
155 , -14040.41098 , 5.33703676 , 7.41758089 , 102.75519379 , -0.25537219 , -16.59199508 , 1.8311667281668658
156 , -14040.40864 , 4.99925371 , 7.57693152 , 102.06162842 , -0.2288951 , -16.22099105 , 1.8485814747013025
157 , -14040.85625 , 5.42196704 , 7.59495088 , 102.58118627 , -0.27806791 , -17.17515024 , 1.84781415829201
158 , -14040.50633 , 5.12114693 , 7.65826126 , 101.98377124 , -0.288424 , -17.19343012 , 1.8183256125166152
159 , -14040.6025 , 4.86865765 , 7.81307239 , 101.91616967 , -0.30160877 , -17.08037191 , 1.812119424763154
160 , -14040.52081 , 5.12297558 , 7.65770851 , 101.98789302 , -0.28833077 , -17.19216581 , 1.8215707062524285
161 , -14040.46912 , 5.12001621 , 7.65740367 , 101.97716821 , -0.28891987 , -17.19976026 , 1.820223908314058
162 , -14040.39824 , 5.12218889 , 7.65781455 , 101.9878321 , -0.28887582 , -17.19948788 , 1.7950231429856724
163 , -14040.73467 , 5.08167693 , 7.63207749 , 102.50344402 , -0.2762489 , -16.35674575 , 1.8351890458692612
164 , -14040.58555 , 4.930381 , 7.79778313 , 102.11619701 , -0.28736791 , -17.008851 , 1.7906400360182324
165 , -14040.65752 , 4.90690018 , 7.71736277 , 101.94907548 , -0.27828826 , -17.05258829 , 1.8178165568326832
166 , -14040.60477 , 4.88305615 , 7.8496721 , 101.98031568 , -0.26551466 , -16.87106124 , 1.841718946956834
167 , -14040.53796 , 4.81552183 , 7.758766 , 101.84978218 , -0.25091911 , -16.32987384 , 1.8274807844844483
168 , -14040.59527 , 4.90422287 , 7.71956712 , 101.95503288 , -0.27526562 , -17.04387519 , 1.831119974460428
169 , -14040.56247 , 4.85786426 , 7.81895395 , 101.91381419 , -0.25794637 , -16.74626163 , 1.8261050661783715
170 , -14040.44757 , 4.82028114 , 7.63983819 , 101.99536454 , -0.27817008 , -16.93891106 , 1.849740303000788
171 , -14039.99878 , 4.6590042 , 7.94152675 , 101.72613511 , -0.25149211 , -15.71829387 , 1.7899788036098663
172 , -14040.73618 , 4.86929308 , 7.66557703 , 101.88660156 , -0.28367222 , -17.10437377 , 1.8362470755435774
173 , -14040.51636 , 4.7911499 , 7.77877402 , 101.82699985 , -0.24723745 , -16.17168416 , 1.814088278821879
174 , -14040.51764 , 4.78253077 , 7.74381229 , 101.87972903 , -0.24516823 , -16.020756 , 1.8158850696402722
175 , -14040.53265 , 4.85672854 , 7.68422959 , 102.01263149 , -0.28755236 , -17.08468759 , 1.8313283107421447
176 , -14040.34649 , 4.60793148 , 7.85683742 , 101.80147805 , -0.31245909 , -17.00486508 , 1.7659303299056333
177 , -14040.45865 , 4.61564242 , 7.8600264 , 101.81263393 , -0.31040595 , -16.99921702 , 1.7666491797376855
178 , -14040.66584 , 4.89147134 , 7.8269547 , 101.99693719 , -0.26680431 , -16.87091315 , 1.8294300365094789
179 , -14040.53218 , 5.10240728 , 7.90648238 , 102.35433569 , -0.2271626 , -16.17741724 , 1.728891362930781
180 , -14040.36685 , 5.17177987 , 7.58910683 , 102.5710522 , -0.31481915 , -16.59249084 , 1.7286251179699592
181 , -14040.25292 , 4.88960602 , 7.95568741 , 101.81834606 , -0.27016293 , -16.23896417 , 1.7658094372047306
182 , -14040.25485 , 5.37910306 , 7.82105876 , 102.61473506 , -0.25188771 , -16.2655728 , 1.6663626869958814
183 , -14040.6406 , 5.03779437 , 7.61077757 , 102.41819304 , -0.26227704 , -16.56632405 , 1.7610971883819162
184 , -14040.4119 , 5.29335954 , 7.55482392 , 102.48456458 , -0.28938419 , -16.72076387 , 1.7385345381807853
185 , -14040.57298 , 4.71857105 , 7.84356482 , 101.75938982 , -0.28991967 , -16.02585269 , 1.72490953660885
186 , -14040.21273 , 5.03942913 , 7.98612801 , 102.05158882 , -0.27000414 , -16.78458881 , 1.7224658788153724
187 , -14040.22923 , 5.12083359 , 7.54676721 , 102.52108198 , -0.32458695 , -17.13710758 , 1.6778628282158987
188 , -14040.32624 , 4.97101801 , 7.72632873 , 102.00999785 , -0.25132334 , -16.34107742 , 1.8040203991450472
189 , -14040.52276 , 4.86123911 , 7.68388744 , 102.03359777 , -0.28625301 , -17.10136322 , 1.8566344446095602
190 , -14040.63197 , 4.90489864 , 7.71466502 , 101.95050915 , -0.28086517 , -17.06498072 , 1.823729285373605
191 , -14040.58813 , 5.18428723 , 7.50124952 , 102.40548715 , -0.23619302 , -15.76352239 , 1.7481539351576838
192 , -14040.70179 , 4.82458549 , 7.74653234 , 101.797528 , -0.27465418 , -17.09339264 , 1.8089115209092492
193 , -14040.67729 , 5.288838 , 7.57297388 , 102.54266001 , -0.26530757 , -16.15999785 , 1.7360198618428258
194 , -14040.62388 , 5.18633184 , 7.50103924 , 102.41087395 , -0.23613827 , -15.76426956 , 1.7547942850954419
195 , -14040.4887 , 4.88727749 , 7.93836032 , 102.06510466 , -0.28088057 , -16.43827688 , 1.804456981396026
196 , -14040.54294 , 4.76242712 , 7.79011931 , 101.84666529 , -0.24080898 , -15.95132692 , 1.8250885698808097
197 , -14040.62011 , 4.87137405 , 7.85098046 , 101.93161618 , -0.26429785 , -16.862281 , 1.8441615068887394
198 , -14040.48663 , 5.32254593 , 7.58665466 , 102.67186846 , -0.27067424 , -16.47392914 , 1.7960771015159993
199 , -14040.62775 , 4.75507875 , 7.78060375 , 101.67402838 , -0.29625345 , -16.54932044 , 1.806843345732764
200 , -14040.66139 , 4.86547361 , 7.90367831 , 101.71929871 , -0.24803276 , -16.85950878 , 1.776141119303104
201 , -14040.56629 , 4.71590834 , 7.90202274 , 101.68353421 , -0.2678944 , -16.35484058 , 1.7148147164023797
202 , -14040.40167 , 4.81991949 , 7.73276609 , 101.815183 , -0.29166266 , -17.19121926 , 1.7674407588553234
203 , -14040.6226 , 4.88242427 , 7.74492625 , 102.13020191 , -0.27067948 , -16.67811172 , 1.7631104965056619
204 , -14040.44756 , 4.8501777 , 7.96118978 , 101.9077311 , -0.27591968 , -16.56205163 , 1.7653401466497054
205 , -14040.57305 , 5.20113131 , 7.56043322 , 102.39903183 , -0.30492409 , -16.34101323 , 1.7439645752123014
206 , -14040.28582 , 5.16631172 , 7.62050773 , 102.37808678 , -0.26617547 , -16.28328318 , 1.8417504860883345
207 , -14040.37053 , 5.37683409 , 7.66371592 , 102.6171458 , -0.31120882 , -16.848339 , 1.721718982972375
208 , -14040.33679 , 4.75913933 , 7.99024788 , 101.64597359 , -0.2624698 , -16.15255598 , 1.7550754220340503
209 , -14040.53048 , 4.8299356 , 7.78290703 , 101.7360098 , -0.28036475 , -16.60358237 , 1.744093881490824
210 , -14040.73894 , 5.28021071 , 7.71716371 , 102.53836495 , -0.24603297 , -16.37266226 , 1.7488559605537195
211 , -14040.40526 , 5.92242658 , 7.48724913 , 103.24210582 , -0.24051054 , -16.76258607 , 1.7935215535290996
212 , -14040.12928 , 5.80876679 , 7.53014887 , 102.94767224 , -0.2008274 , -16.40299421 , 1.7397340243848833
213 , -14040.6999 , 5.27717941 , 7.60498711 , 102.49860071 , -0.25532487 , -16.7271816 , 1.7778091803889369
214 , -14040.27902 , 5.24334736 , 7.53331494 , 102.62472454 , -0.27903258 , -16.97712516 , 1.7208450380876512
215 , -14040.65471 , 5.16513734 , 7.64068727 , 102.73646236 , -0.26272477 , -16.75160038 , 1.7165009487121434
216 , -14040.43132 , 4.89527419 , 7.76044924 , 102.02235703 , -0.2404233 , -16.37456541 , 1.7073506713004873
217 , -14039.79376 , 4.80524833 , 8.07672362 , 101.83059019 , -0.22650466 , -15.73993251 , 1.6765875589414405
218 , -14040.58771 , 4.6959506 , 7.80374713 , 101.7180956 , -0.28827592 , -16.49700678 , 1.7380662135887608
219 , -14040.6803 , 5.28392701 , 7.57190671 , 102.56066617 , -0.26617508 , -16.19079989 , 1.7338481222755036
220 , -14040.39406 , 4.93982871 , 7.86521432 , 101.98595113 , -0.27780189 , -16.6895181 , 1.6864805065232729
221 , -14040.44742 , 4.9563469 , 7.8534219 , 102.03797559 , -0.27520932 , -16.67517197 , 1.7094583876771794
222 , -14040.32275 , 4.95402226 , 7.85633717 , 102.02064822 , -0.27483083 , -16.66611934 , 1.642454000613359
223 , -14040.54283 , 4.90326138 , 7.65810852 , 101.90873211 , -0.28556684 , -17.11638605 , 1.8487191413524502
224 , -14040.9194 , 5.42343096 , 7.55399014 , 102.54143655 , -0.33132113 , -17.78123031 , 1.8487287299692772
225 , -14040.85759 , 5.22736513 , 7.54913183 , 102.44101118 , -0.2886345 , -17.5169843 , 1.847227959467195
226 , -14040.88271 , 5.42316692 , 7.55400158 , 102.54201592 , -0.33135456 , -17.78135109 , 1.8544804275989766
227 , -14040.5419 , 5.38465937 , 7.52017277 , 102.57063671 , -0.29759315 , -16.68958377 , 1.8052461105177802
228 , -14040.91059 , 5.42351702 , 7.55389235 , 102.54258724 , -0.33130399 , -17.78110153 , 1.848530177418013
229 , -14040.54661 , 5.38411609 , 7.51911728 , 102.58879126 , -0.29705225 , -16.68336757 , 1.8046193401093231
230 , -14040.56429 , 5.37918749 , 7.52221265 , 102.56396411 , -0.29758971 , -16.68860062 , 1.819892189625775
231 , -14040.83814 , 5.42354739 , 7.55411942 , 102.54418065 , -0.33130298 , -17.78167067 , 1.8551447911610335
232 , -14040.50705 , 5.38285768 , 7.52051339 , 102.5682304 , -0.29779645 , -16.68927474 , 1.8021907861687696
233 , -14040.86659 , 5.22710139 , 7.54926436 , 102.44249537 , -0.28914777 , -17.51743446 , 1.8451178538345396
234 , -14040.50225 , 5.10342883 , 7.6787731 , 102.34733848 , -0.27583821 , -16.47718263 , 1.7789996766092246
235 , -14040.40464 , 5.08693699 , 7.68468266 , 102.09468779 , -0.26857195 , -17.05733013 , 1.7546106912627335
236 , -14040.70939 , 5.55390362 , 7.59006841 , 102.81104005 , -0.27104047 , -17.04151242 , 1.8176170694700151
237 , -14040.47978 , 4.8448276 , 7.7125578 , 102.01533579 , -0.30102514 , -17.04859437 , 1.7694708091953852
238 , -14040.56685 , 4.82926007 , 7.84347583 , 101.91531955 , -0.28516451 , -16.65601272 , 1.8051265032704813
239 , -14040.58026 , 4.73237831 , 7.84590744 , 101.54287214 , -0.2697405 , -16.82061364 , 1.7877360795337065
240 , -14040.55751 , 4.83193477 , 7.84302732 , 101.91727563 , -0.28550641 , -16.65904871 , 1.7922958434795482
241 , -14040.57856 , 4.82848162 , 7.84354275 , 101.91390229 , -0.28513449 , -16.65683415 , 1.7926741702806785
242 , -14040.35972 , 4.97039837 , 7.69117409 , 102.42038815 , -0.27656697 , -16.23972603 , 1.721552208201741
243 , -14040.56146 , 5.0237852 , 7.71361455 , 102.24169127 , -0.25364513 , -16.56010705 , 1.7992503974187688
244 , -14040.55988 , 4.82981316 , 7.84347494 , 101.91406334 , -0.28526033 , -16.65768889 , 1.8036701207390229
245 , -14040.47683 , 5.01047234 , 7.729614 , 102.21265764 , -0.25500291 , -16.56153203 , 1.8154734857840278
246 , -14040.54005 , 4.82264297 , 7.84388425 , 101.91054742 , -0.28410012 , -16.64093521 , 1.8137108066383636
247 , -14040.65664 , 4.6898677 , 7.97607338 , 101.37506621 , -0.28802424 , -16.69282576 , 1.8147270174175252
248 , -14040.54044 , 4.82914576 , 7.84354537 , 101.91471217 , -0.28511497 , -16.65537421 , 1.8048715533216455
249 , -14040.59113 , 4.68890691 , 7.97666982 , 101.37339841 , -0.28858428 , -16.69670138 , 1.79664604057858
250 , -14040.54702 , 4.82661874 , 7.8436196 , 101.91344131 , -0.28486651 , -16.6527477 , 1.7840680957851887
251 , -14040.59195 , 5.0708566 , 7.69396898 , 102.29053121 , -0.25325643 , -16.58397022 , 1.803796164030616
252 , -14040.67393 , 4.69033228 , 7.97328156 , 101.38086234 , -0.2888758 , -16.69637261 , 1.7990456345788288
253 , -14040.54365 , 5.01670507 , 7.63665242 , 102.23644188 , -0.29524558 , -16.99176698 , 1.7710034811906037
254 , -14040.53969 , 4.83323676 , 7.8428065 , 101.91906017 , -0.28560845 , -16.65965952 , 1.8096625635587278
255 , -14040.55218 , 4.82976646 , 7.84363542 , 101.91615512 , -0.28525243 , -16.65719962 , 1.785876801646138
256 , -14040.49875 , 5.1706222 , 7.51480129 , 102.34170117 , -0.25859616 , -16.39776624 , 1.7313017786763025
257 , -14040.50884 , 4.86984844 , 7.7659675 , 101.99521257 , -0.26086319 , -16.56181067 , 1.7733557001823905
258 , -14040.59946 , 5.24478847 , 7.61539567 , 102.30646841 , -0.27945327 , -17.15916191 , 1.8161672309745356
259 , -14040.56833 , 5.37757288 , 7.52244286 , 102.56027973 , -0.29751465 , -16.68801466 , 1.8393936045023032
260 , -14040.62405 , 5.32883291 , 7.58711488 , 102.59825495 , -0.28980704 , -16.79414979 , 1.7923091014579209
261 , -14040.66465 , 4.89973465 , 7.7374021 , 101.99248208 , -0.30777465 , -17.31499866 , 1.7881080319153537
262 , -14040.47168 , 4.86994645 , 7.76732153 , 101.99412671 , -0.26059999 , -16.56099126 , 1.7791281487356756
263 , -14040.49646 , 4.85612769 , 7.68316773 , 102.02177474 , -0.28601526 , -17.09773068 , 1.865865277621867
264 , -14040.51633 , 4.83772576 , 7.67986817 , 102.01142517 , -0.28649199 , -17.05413814 , 1.8337614626512093
265 , -14040.46153 , 5.12575521 , 7.70555786 , 102.40709897 , -0.27914582 , -16.1106151 , 1.779069622702197
266 , -14040.44127 , 5.12647669 , 7.69815022 , 102.41714944 , -0.27935293 , -16.08671954 , 1.802153598801185
267 , -14040.63852 , 4.89368889 , 7.6967337 , 101.97546274 , -0.29255262 , -17.23076661 , 1.8178601512039547
268 , -14040.21404 , 5.23581848 , 7.73151121 , 102.66466491 , -0.24303585 , -16.15935117 , 1.699822778207952
269 , -14040.66405 , 5.2841105 , 7.56716337 , 102.4563032 , -0.23936736 , -17.05530845 , 1.818033068656077
270 , -14040.60979 , 5.4041913 , 7.70868982 , 102.6932619 , -0.28954403 , -16.94168727 , 1.7170096192800823
271 , -14040.62957 , 4.98766712 , 7.74311673 , 102.13160849 , -0.28484939 , -16.71823662 , 1.7414907233806907
272 , -14040.48301 , 5.13160291 , 7.53452645 , 102.36205744 , -0.29086709 , -16.72400808 , 1.769876270052197
273 , -14040.42192 , 5.36485257 , 7.56484082 , 102.88619503 , -0.29340702 , -16.78944469 , 1.6767194014947262
274 , -14040.32535 , 5.00580341 , 7.7151088 , 102.22742286 , -0.25416432 , -16.84199658 , 1.7373895014945433
275 , -14040.35347 , 5.16067452 , 7.63029496 , 102.16999943 , -0.27269608 , -16.90337158 , 1.7090172430798902
276 , -14040.4467 , 5.12540767 , 7.70724802 , 102.40693644 , -0.27939678 , -16.11331696 , 1.7920075250489214
277 , -14040.65041 , 4.90751925 , 7.73716703 , 102.00217198 , -0.30520609 , -17.31483544 , 1.8372770759653503
278 , -14040.65839 , 4.90809595 , 7.73705751 , 102.00766037 , -0.30495577 , -17.31594556 , 1.8250493062460675
279 , -14040.79461 , 4.90502573 , 7.73718452 , 102.00793965 , -0.30789297 , -17.31352443 , 1.7959984160828761
280 , -14040.66753 , 4.90808782 , 7.73762127 , 102.01124697 , -0.30669972 , -17.31521953 , 1.8091526790628902
281 , -14040.67531 , 4.90059197 , 7.73822779 , 102.00046929 , -0.3086752 , -17.31248252 , 1.8125706625441669
282 , -14040.70994 , 4.88535486 , 7.6633971 , 101.97513264 , -0.27333825 , -17.28317473 , 1.7998822899732854
283 , -14040.71129 , 4.88678368 , 7.66018735 , 101.96664996 , -0.27330258 , -17.28379179 , 1.8167007212341573
284 , -14040.80227 , 4.90521634 , 7.73695471 , 102.01178305 , -0.30921753 , -17.31077616 , 1.7871070656795496
285 , -14040.46075 , 4.87103441 , 7.82301592 , 101.91918046 , -0.30089958 , -17.09837131 , 1.7995468706205457
286 , -14040.52594 , 5.1246123 , 7.65741919 , 101.98448008 , -0.28812378 , -17.18888865 , 1.8112212833967727
287 , -14040.53539 , 4.86986732 , 7.81333411 , 101.91259875 , -0.30154079 , -17.07401262 , 1.8158546126005202
288 , -14040.66372 , 4.84960693 , 7.96283565 , 101.84101821 , -0.27047396 , -16.51704893 , 1.8245241074051592
289 , -14040.5858 , 4.86798584 , 7.81266334 , 101.91072503 , -0.30185705 , -17.07256692 , 1.8058852595325043
290 , -14040.48159 , 5.13435352 , 7.65841831 , 102.02892742 , -0.28886596 , -17.20151807 , 1.808381215186191
291 , -14040.36887 , 5.1347084 , 7.6559061 , 102.03049899 , -0.28832402 , -17.20068401 , 1.8176094220852432
292 , -14040.52756 , 4.86806239 , 7.82079295 , 101.91912266 , -0.3011567 , -17.09443424 , 1.8103548368532325
293 , -14040.49003 , 5.13313124 , 7.65459319 , 102.03299473 , -0.28817952 , -17.20242048 , 1.7994830878150974
294 , -14040.58998 , 4.84976523 , 7.96279727 , 101.83990087 , -0.27048942 , -16.51697802 , 1.843000991164055
295 , -14040.7594 , 5.42531778 , 7.55370817 , 102.54569045 , -0.33112725 , -17.78067199 , 1.8424435357601492
296 , -14040.61288 , 4.91771409 , 7.70988796 , 102.05247186 , -0.20714443 , -16.36134414 , 1.8246653724144828
297 , -14040.51825 , 4.86421076 , 7.68378698 , 102.04090171 , -0.28498373 , -17.08314216 , 1.8146021911208474
298 , -14040.76546 , 5.43579283 , 7.55528073 , 102.58277975 , -0.3347118 , -17.81352402 , 1.841890639337513
299 , -14040.58474 , 4.9343497 , 7.70237893 , 102.0716483 , -0.20732382 , -16.37444686 , 1.825132451003946
300 , -14040.57384 , 5.04473409 , 7.66895244 , 102.2758744 , -0.2035724 , -16.47095869 , 1.8179036778166522
301 , -14040.78329 , 4.91870389 , 7.73644194 , 102.01784449 , -0.29941571 , -17.31485093 , 1.7888842550081268
302 , -14040.44999 , 4.63858219 , 7.89206535 , 101.30212695 , -0.23255545 , -16.65788543 , 1.7678712921030215
303 , -14040.31316 , 5.09438571 , 7.65909991 , 102.2146146 , -0.23889703 , -16.48189918 , 1.72584639268724
304 , -14040.69091 , 4.66301577 , 7.98369949 , 101.61630929 , -0.21442448 , -16.35171924 , 1.7789716534865907
305 , -14040.75963 , 5.43576768 , 7.55447174 , 102.57951975 , -0.33502272 , -17.8164564 , 1.8415783735707745
306 , -14040.5532 , 5.12448044 , 7.65822453 , 101.99240635 , -0.28788967 , -17.18279301 , 1.8214026838728254
307 , -14040.33864 , 4.87431079 , 7.82684683 , 101.91987241 , -0.30010093 , -17.07307411 , 1.753027120665906
308 , -14040.57124 , 4.86664815 , 7.82044096 , 101.91749084 , -0.30137077 , -17.09606658 , 1.825508702236398
309 , -14040.59331 , 5.2966006 , 7.41559448 , 102.41074286 , -0.27670572 , -17.23538317 , 1.7980748843221785
310 , -14040.584 , 4.83165055 , 7.8351436 , 102.04705262 , -0.30642561 , -16.89546949 , 1.7896780615429966
311 , -14040.80176 , 4.85189431 , 7.93264272 , 101.75928018 , -0.29487482 , -17.22438815 , 1.7972917532736536
312 , -14040.50471 , 5.25015917 , 7.51525778 , 102.46741219 , -0.26612574 , -16.67049734 , 1.7955630368671265
313 , -14040.60609 , 4.83163236 , 7.83537023 , 102.04772014 , -0.30637492 , -16.89480294 , 1.7951956678042584
314 , -14040.37179 , 4.77706986 , 7.65980069 , 101.92920359 , -0.28244292 , -16.55989234 , 1.8065390445594238
315 , -14040.89964 , 4.85704058 , 7.93377994 , 101.76641758 , -0.29484257 , -17.22103192 , 1.7995324636639
316 , -14040.88696 , 5.42334797 , 7.55395973 , 102.54236794 , -0.33132183 , -17.78127936 , 1.8496717036255783
317 , -14040.71761 , 4.86354857 , 7.82121079 , 101.91576119 , -0.30157655 , -17.09669904 , 1.8168652856995045
318 , -14040.86175 , 5.42363092 , 7.55420584 , 102.54263722 , -0.33129536 , -17.78153678 , 1.8609140013279257
319 , -14040.6422 , 4.86408449 , 7.82152848 , 101.91941803 , -0.30158598 , -17.09758806 , 1.824501802920035
320 , -14040.88437 , 5.42321442 , 7.55385126 , 102.54109594 , -0.33133092 , -17.78112921 , 1.8643098901863442
321 , -14040.42555 , 5.11953277 , 7.65856258 , 101.97402856 , -0.28901923 , -17.19972086 , 1.8167124972436424
322 , -14040.84803 , 5.42463085 , 7.55431537 , 102.54663736 , -0.33113953 , -17.78156394 , 1.8731739929558253
323 , -14040.6673 , 4.86336669 , 7.82076455 , 101.92027074 , -0.30155493 , -17.09473204 , 1.8187729989890289
324 , -14040.90917 , 5.42600172 , 7.55465977 , 102.54605791 , -0.33094838 , -17.78215185 , 1.8300469370173225
325 , -14040.53894 , 5.19163173 , 7.44704148 , 102.48437498 , -0.29298516 , -17.14458201 , 1.7849675482883414
326 , -14040.40517 , 5.00639367 , 7.56938835 , 102.0209764 , -0.22119119 , -16.16403123 , 1.8393845903417652
327 , -14040.51641 , 5.74331484 , 7.34012242 , 102.90162136 , -0.30948506 , -17.16726742 , 1.8107439653833026
328 , -14040.91638 , 4.85679207 , 7.9338526 , 101.7650654 , -0.29483298 , -17.22047972 , 1.805139518868284
329 , -14040.92343 , 4.85671073 , 7.93372692 , 101.76481312 , -0.29485621 , -17.22161028 , 1.8003593059526226
330 , -14040.38037 , 5.08536831 , 7.66531105 , 102.20438129 , -0.30004392 , -16.6457523 , 1.7948683701603052
331 , -14040.37977 , 5.08384734 , 7.66492811 , 102.20348899 , -0.29902996 , -16.63584788 , 1.777788032454486
332 , -14040.56637 , 5.15132819 , 7.6862053 , 102.32277183 , -0.26410994 , -16.3527703 , 1.8540758535196484
333 , -14040.66779 , 4.73592226 , 7.84699 , 101.671916 , -0.31342273 , -16.99351747 , 1.7812471704593336
334 , -14040.82217 , 5.44359955 , 7.58637182 , 102.50764455 , -0.28688182 , -17.08133065 , 1.846373165126807
335 , -14040.36994 , 5.00674407 , 7.57427236 , 102.00921896 , -0.22686644 , -16.21855627 , 1.8593772269948774
336 , -14040.55078 , 5.18187609 , 7.63618985 , 102.43195881 , -0.30442086 , -16.10240677 , 1.7916792831910207
337 , -14040.56116 , 5.181209 , 7.64274107 , 102.41401824 , -0.30430673 , -16.05985021 , 1.7997987472380017
338 , -14040.50609 , 5.41361595 , 7.58756585 , 102.53713108 , -0.28275233 , -16.08245719 , 1.8358598260554002
339 , -14040.5239 , 5.41389166 , 7.58762787 , 102.53570662 , -0.28279158 , -16.08421964 , 1.8383687831737638
340 , -14040.90037 , 4.83478998 , 7.90206688 , 101.81669235 , -0.29326983 , -17.19721872 , 1.8321426377185284
341 , -14040.73021 , 4.86354361 , 7.82085454 , 101.91877956 , -0.30157475 , -17.09548199 , 1.8148005265535068
342 , -14040.723 , 4.86385512 , 7.82116049 , 101.92166315 , -0.30159339 , -17.096311 , 1.8197120828323268
343 , -14040.73446 , 4.86336733 , 7.82034776 , 101.92078914 , -0.30153973 , -17.09344793 , 1.8248170348239114
344 , -14040.72986 , 4.86340667 , 7.82030174 , 101.91907627 , -0.30155267 , -17.09371624 , 1.8175901184083119
345 , -14040.57484 , 4.86649949 , 7.82050308 , 101.9168865 , -0.30138465 , -17.09614583 , 1.8227680752395647
346 , -14040.73274 , 4.86286396 , 7.82039842 , 101.92111848 , -0.30152617 , -17.09256931 , 1.816572058158236
347 , -14040.72857 , 4.8627172 , 7.82099491 , 101.92183884 , -0.30158168 , -17.09371783 , 1.828945305736722
348 , -14040.39318 , 5.00091711 , 7.57697895 , 102.05508299 , -0.2273853 , -16.20921749 , 1.8332097955678808
349 , -14040.55235 , 5.29649144 , 7.45586263 , 102.65866663 , -0.22722465 , -16.36503358 , 1.8417078918059255
351 , -14040.79676 , 4.84311002 , 7.93253686 , 101.7416539 , -0.29490104 , -17.22898022 , 1.8258567993898134
352 , -14040.40119 , 5.08921517 , 7.66735504 , 102.22637373 , -0.3022596 , -16.67895069 , 1.7751985902007046
353 , -14040.53676 , 5.11046344 , 7.7004339 , 102.24013693 , -0.27108467 , -16.45069215 , 1.8580403235050365
353 , -14040.55793 , 5.18431264 , 7.63917291 , 102.3998531 , -0.30354701 , -15.99834975 , 1.8023781883713528
354 , -14040.51586 , 5.3882858 , 7.58800824 , 102.45324622 , -0.27974163 , -15.97090201 , 1.83861748232717
355 , -14040.90307 , 4.83695582 , 7.89465564 , 101.82118173 , -0.28852284 , -17.05353294 , 1.8243215995706443
356 , -14040.66139 , 4.86800316 , 7.82203252 , 101.88986613 , -0.30129718 , -17.09165105 , 1.8303905512357315
357 , -14040.73416 , 4.87093316 , 7.82061772 , 101.94513976 , -0.30144577 , -17.10986522 , 1.813167165821435
358 , -14040.50294 , 5.31625262 , 7.43349056 , 102.76575999 , -0.2659086 , -16.55994857 , 1.8572742677995593
359 , -14040.3385 , 4.77063705 , 7.69174492 , 101.71885788 , -0.22977761 , -16.15395888 , 1.7986723116062733
360 , -14040.62101 , 4.85291333 , 7.7772347 , 102.10948292 , -0.29910976 , -16.91715866 , 1.7694179544326623
361 , -14040.50563 , 5.35880421 , 7.56470169 , 102.36516815 , -0.29591688 , -16.51085963 , 1.8122595558540953
362 , -14040.55433 , 5.07865805 , 7.84083216 , 102.08501435 , -0.30394567 , -16.49373318 , 1.7775846070558172
363 , -14040.30241 , 4.77020792 , 7.69580137 , 101.69664895 , -0.22769067 , -16.1575952 , 1.8049217999363467
364 , -14040.71176 , 5.09381 , 7.63645506 , 102.46642406 , -0.28121597 , -16.44662091 , 1.7839491417874649
365 , -14040.18897 , 5.22609558 , 7.4264168 , 102.5410402 , -0.32022453 , -17.15227014 , 1.74774575239253
366 , -14040.62545 , 4.90126906 , 7.84380396 , 102.01651095 , -0.26840356 , -16.90702426 , 1.8186015211942121
367 , -14040.27721 , 5.17068594 , 7.62200126 , 102.33280099 , -0.26516977 , -16.26435747 , 1.8231014270911614
368 , -14040.73773 , 4.95176309 , 7.86195589 , 102.06940929 , -0.27580426 , -16.68169843 , 1.7325548233329016
369 , -14040.91071 , 5.42231939 , 7.55308915 , 102.57385388 , -0.33164935 , -17.78279276 , 1.8513738479011939
370 , -14040.53872 , 4.86411187 , 7.70459067 , 102.06243276 , -0.30282753 , -17.05422749 , 1.7966274047260455
371 , -14040.91964 , 4.85015197 , 7.92418272 , 101.78971336 , -0.29490553 , -17.25866735 , 1.8070883709496364
372 , -14040.90363 , 5.42040151 , 7.55542201 , 102.51509695 , -0.33087308 , -17.77911513 , 1.8533886311606713
373 , -14040.92122 , 4.64049762 , 7.86427103 , 101.20225358 , -0.28570899 , -16.98500393 , 1.8336592771339997
374 , -14040.20996 , 5.14549502 , 7.61922607 , 102.37637643 , -0.26786188 , -16.3047142 , 1.808733412922748
375 , -14040.56668 , 5.43308044 , 7.58414584 , 102.58948592 , -0.27603401 , -15.90116925 , 1.8296731355930091
376 , -14040.35889 , 4.51040213 , 7.52377755 , 100.48487161 , -0.22296606 , -16.10337369 , 1.8146926052558054
377 , -14040.83467 , 5.22776515 , 7.54918933 , 102.47793053 , -0.28746527 , -17.51783941 , 1.838931520859924
378 , -14040.39661 , 4.91029659 , 7.12524744 , 101.72200234 , -0.23182712 , -16.26663007 , 1.8458349300407493
379 , -14040.91737 , 4.7511053 , 7.49556596 , 100.930251 , -0.31606147 , -17.32753601 , 1.8438781238041635
380 , -14040.31255 , 5.22706581 , 7.63066927 , 102.39135996 , -0.32278074 , -16.78282069 , 1.7644153401319702
381 , -14040.21044 , 5.41683789 , 7.520412 , 102.92289382 , -0.2894057 , -16.18409062 , 1.641307015769389
382 , -14040.28457 , 5.33130074 , 7.59284594 , 102.57865808 , -0.20759763 , -16.14921519 , 1.7312671377403468
383 , -14039.99958 , 5.26483489 , 7.68828769 , 102.6794449 , -0.23901011 , -16.37978649 , 1.6838500679753425
384 , -14040.85262 , 4.47911766 , 7.8478087 , 100.59756982 , -0.29129833 , -17.19688891 , 1.8077556597441857
385 , -14040.28063 , 5.17756253 , 7.62267707 , 102.40186766 , -0.26283622 , -16.26065151 , 1.8242604911183171
386 , -14040.53828 , 5.28182961 , 7.56048354 , 102.61874758 , -0.24484172 , -16.5959453 , 1.7948243879947021
387 , -14040.61831 , 4.90762529 , 7.83416641 , 102.06444945 , -0.2712343 , -16.91683634 , 1.8050590323828295
388 , -14040.34249 , 5.18865063 , 7.53174273 , 102.0399656 , -0.27683452 , -16.80483159 , 1.745969426557339
389 , -14040.6627 , 5.50173162 , 7.59616076 , 102.69639738 , -0.26879825 , -17.02313956 , 1.838061294856317
390 , -14040.40683 , 5.07648756 , 7.58510654 , 102.07386301 , -0.25856436 , -16.85174076 , 1.7470729144701678
391 , -14040.45542 , 4.96905973 , 7.53036995 , 101.24400217 , -0.21798281 , -16.77757768 , 1.7652296339764553
392 , -14039.24885 , 4.72134348 , 7.68205235 , 101.88809876 , -0.17903201 , -15.27323628 , 1.6517546068239555
393 , -14040.04709 , 5.10055614 , 7.93214062 , 101.63253205 , -0.21295886 , -16.09126739 , 1.7106936207520047
394 , -14040.63472 , 4.87821961 , 7.8216398 , 101.98229083 , -0.2587971 , -16.71533384 , 1.7969554881488672
395 , -14040.29479 , 4.91438574 , 7.50115406 , 101.59765856 , -0.21865935 , -15.95925155 , 1.759861731280864
396 , -14040.66845 , 5.29544609 , 7.42108478 , 102.76797395 , -0.26911776 , -16.51382472 , 1.7835178835910963
397 , -14040.46388 , 5.09524307 , 7.71404648 , 102.22853372 , -0.27525627 , -16.51217453 , 1.8508684677819938
398 , -14040.72103 , 4.70244014 , 7.76591347 , 101.38487819 , -0.29896946 , -17.07297425 , 1.8229427831906746
399 , -14040.57713 , 4.42466823 , 7.55894381 , 97.12379837 , -0.28139379 , -16.81761221 , 1.817252736676822
400 , -14040.56866 , 4.89550796 , 7.75310105 , 102.19736476 , -0.26916451 , -16.72301942 , 1.7466153518017353
401 , -14039.69282 , 4.45928832 , 7.44916707 , 100.97338509 , -0.28365072 , -16.35538488 , 1.6740115348673095
402 , -14040.70651 , 5.09669088 , 7.53344844 , 102.53246491 , -0.27600029 , -16.77731461 , 1.8122657635321824
403 , -14040.68031 , 5.45611549 , 7.52760985 , 102.75500845 , -0.26863858 , -16.65083953 , 1.7500123491111408
404 , -14040.37159 , 4.99703936 , 7.57525122 , 102.09595324 , -0.22709368 , -16.22629556 , 1.813746998094807
405 , -14040.3215 , 5.02816958 , 7.55950436 , 102.08153832 , -0.22334785 , -16.29915627 , 1.7854672275365526
406 , -14040.37795 , 5.59572815 , 7.38905689 , 103.04779323 , -0.2253963 , -16.33965829 , 1.7664957326407618
407 , -14040.63786 , 4.84779539 , 7.53131016 , 98.21772763 , -0.22900245 , -16.05986826 , 1.7828335935569484
408 , -14040.83863 , 4.65878437 , 7.84713676 , 101.29617357 , -0.29858364 , -17.28905387 , 1.8028021800242846
409 , -14040.72679 , 4.88927709 , 7.81838977 , 101.90636435 , -0.29954529 , -17.14805541 , 1.8127491100975426
410 , -14040.27749 , 5.20719052 , 7.63794133 , 102.05463888 , -0.27761791 , -16.8257843 , 1.630599235078794
411 , -14040.5551 , 5.29718198 , 7.57473934 , 102.61858079 , -0.26738795 , -16.76692874 , 1.8206616300613034
412 , -14040.54525 , 4.84679086 , 7.9185587 , 102.02385748 , -0.27548451 , -16.47423901 , 1.7777297359223183
413 , -14040.44991 , 5.42392117 , 7.661038 , 102.6821336 , -0.24672741 , -16.36357044 , 1.7178840693309754
414 , -14040.41323 , 5.01294082 , 7.56593921 , 102.00423194 , -0.22394909 , -16.19505031 , 1.8504892784368643
415 , -14040.72578 , 5.18225429 , 7.50185355 , 102.61199289 , -0.3398271 , -17.33971078 , 1.7955880190240718
416 , -14040.49046 , 5.2305146 , 7.49485578 , 102.35894264 , -0.25605867 , -16.59615341 , 1.7963222970207982
417 , -14040.81319 , 5.44634001 , 7.57288539 , 102.43805178 , -0.28814587 , -17.10998294 , 1.8473886057020663
418 , -14040.46951 , 4.6497987 , 7.42036916 , 97.70845581 , -0.28076543 , -17.07997621 , 1.8212209194721105
419 , -14040.40575 , 4.84610744 , 7.5387832 , 101.54448343 , -0.22866074 , -16.17227222 , 1.8337029481346498
420 , -14040.54678 , 4.83004487 , 7.4264869 , 101.40798186 , -0.27679234 , -16.99579183 , 1.7699944782208261
421 , -14040.09487 , 5.44945575 , 7.53952377 , 102.83998732 , -0.24309775 , -16.77027851 , 1.6903946264274594
422 , -14040.66191 , 4.33091207 , 7.73719974 , 97.30902976 , -0.28936058 , -16.74344851 , 1.8184844832896716
423 , -14040.27646 , 5.15148789 , 7.636738 , 102.33905224 , -0.26569356 , -16.26705213 , 1.8221985626010913
424 , -14040.83332 , 4.86393127 , 7.08247793 , 101.30149175 , -0.28333766 , -17.63422796 , 1.8370146248996935
425 , -14040.79539 , 5.10189043 , 7.51923199 , 101.49357111 , -0.26968498 , -17.12540114 , 1.8054147120380282
426 , -14040.739 , 5.408339 , 7.56078983 , 102.6137215 , -0.28497942 , -17.20808698 , 1.77909539141355
427 , -14040.46456 , 4.9281263 , 7.69206269 , 101.69979888 , -0.27478233 , -16.49081748 , 1.8584933462211604
428 , -14040.78011 , 5.07187563 , 7.68230309 , 102.19271045 , -0.23287406 , -16.4281846 , 1.835774433170308
429 , -14040.87471 , 5.08478514 , 7.4945763 , 101.48034285 , -0.32988962 , -17.7396852 , 1.8562285381123087
430 , -14040.77904 , 5.41052116 , 7.56395307 , 102.58164508 , -0.28486832 , -17.21170988 , 1.7817070999737374
431 , -14040.81856 , 4.91982751 , 7.50512217 , 100.77211426 , -0.2804764 , -16.98380528 , 1.8493746040425616
432 , -14040.42006 , 5.03446137 , 7.70678788 , 102.22097099 , -0.25062421 , -16.75396028 , 1.6805734555563077
433 , -14040.20556 , 5.05604111 , 7.68855373 , 102.47359814 , -0.2988466 , -16.8498508 , 1.580619610779747
434 , -14040.30091 , 5.30082607 , 7.55327887 , 102.56655822 , -0.25308857 , -16.22178309 , 1.7239844791638521
435 , -14040.2484 , 5.43897092 , 7.54973089 , 103.00491082 , -0.19846859 , -16.17892182 , 1.60058841768917
436 , -14040.4523 , 4.99270738 , 7.5501374 , 101.34056889 , -0.29994895 , -16.39462398 , 1.7463233672337222
437 , -14040.54165 , 5.30206257 , 7.56964813 , 102.60643603 , -0.26846757 , -16.79034552 , 1.8246953025365589
438 , -14040.26405 , 5.18647279 , 7.62771282 , 102.39236127 , -0.25954735 , -16.22761423 , 1.8290160724413318
439 , -14039.5663 , 3.95216523 , 7.4432987 , 102.18813106 , -0.18247946 , -15.41029603 , 1.6340491461956919
440 , -14040.36745 , 4.99664053 , 7.57926905 , 102.11841343 , -0.21985992 , -16.20654645 , 1.8124461158541907
441 , -14040.52684 , 5.29855252 , 7.63672794 , 102.40998396 , -0.30112037 , -16.93490171 , 1.7560263784214447
442 , -14040.65398 , 5.52226942 , 7.43593953 , 102.91899501 , -0.27103328 , -16.9758634 , 1.796204279878765
443 , -14040.09234 , 4.62579268 , 7.65831864 , 101.12966969 , -0.2353385 , -16.19974989 , 1.661683600280354
444 , -14040.39335 , 4.65561163 , 7.46655663 , 101.64208063 , -0.20850534 , -16.43732996 , 1.6780652917416377
445 , -14040.27624 , 5.14414495 , 7.4597472 , 102.32349633 , -0.22094002 , -16.33278209 , 1.7610122219952384
446 , -14040.33964 , 5.02677497 , 7.56993309 , 102.12610544 , -0.22968269 , -16.21871287 , 1.789906331592033
447 , -14040.58903 , 5.27479969 , 7.51683568 , 102.40756349 , -0.22862539 , -16.77181265 , 1.7392205094588227
448 , -14040.6571 , 5.32013361 , 7.63711937 , 102.4332586 , -0.30861635 , -17.10652272 , 1.814050246797267
449 , -14040.69043 , 4.84377538 , 7.74702303 , 101.8401071 , -0.26167972 , -16.97675296 , 1.7388586861085513
450 , -14040.5591 , 4.50083295 , 7.68424437 , 100.66922633 , -0.27462318 , -16.81871846 , 1.7105905693965322
451 , -14040.47391 , 5.28913302 , 7.57629057 , 102.44297143 , -0.21179947 , -16.61208269 , 1.7247123236133186
452 , -14040.55929 , 5.34573866 , 7.59619773 , 102.35696093 , -0.26807766 , -16.00486051 , 1.8387648084572954
453 , -14040.24746 , 5.50778127 , 7.52484288 , 102.91407454 , -0.25327729 , -16.83657277 , 1.659191150933245
454 , -14040.55694 , 5.77857575 , 7.33612725 , 103.30739137 , -0.25692031 , -16.61577346 , 1.7236676519420233
455 , -14040.49861 , 5.51934528 , 7.5137395 , 102.78066443 , -0.28563706 , -16.8967311 , 1.776926727116669
456 , -14040.7255 , 5.24291332 , 7.50490582 , 102.49709531 , -0.2815703 , -17.38956904 , 1.8293573533149228
457 , -14040.06832 , 5.05610854 , 7.61499009 , 102.43393444 , -0.23218914 , -16.13303202 , 1.7057900130509969
458 , -14040.87678 , 5.38242908 , 7.5428968 , 102.4149533 , -0.32815473 , -17.705302 , 1.8655817906409422
459 , -14040.41041 , 5.08459294 , 7.65413916 , 102.5141722 , -0.24487387 , -16.22113175 , 1.7692710962077058
460 , -14040.33244 , 5.0367092 , 7.57111629 , 102.16629646 , -0.23160746 , -16.25736377 , 1.7889306373732934
461 , -14040.74364 , 5.44643453 , 7.63130123 , 102.60118669 , -0.27663094 , -17.55101771 , 1.8101848161851353
462 , -14040.44591 , 5.22444616 , 7.5841083 , 102.27159535 , -0.31735509 , -17.05204317 , 1.7428513409807698
463 , -14040.61304 , 5.07837647 , 7.63525794 , 102.4013709 , -0.26656638 , -16.77811402 , 1.7816696892480206
464 , -14040.3609 , 5.02123716 , 7.54888883 , 102.05983976 , -0.22524481 , -16.15058601 , 1.8032551813058466
465 , -14040.51854 , 4.94135792 , 7.68404613 , 101.72558389 , -0.2748656 , -16.46413937 , 1.853506647356562
466 , -14040.58583 , 5.186517 , 7.71846017 , 102.24706423 , -0.30732098 , -16.51333075 , 1.7797537562547956
467 , -14040.8968 , 5.41712081 , 7.57167723 , 102.60082082 , -0.32839973 , -17.80044886 , 1.8425282752404348
468 , -14040.42045 , 5.0665031 , 7.53208561 , 102.51663908 , -0.23542266 , -16.37283095 , 1.7143847713279643
469 , -14040.90466 , 5.08972711 , 7.49699645 , 101.45288732 , -0.32936487 , -17.73900431 , 1.8558426602652127
470 , -14040.51942 , 5.28757431 , 7.56318687 , 102.42510122 , -0.28286703 , -17.15933231 , 1.6939270443661936
471 , -14040.51619 , 5.39370797 , 7.56907898 , 102.4582857 , -0.21909333 , -16.85159741 , 1.7527928167629705
472 , -14040.89941 , 5.48904718 , 7.55476111 , 102.68852417 , -0.32835144 , -17.71316455 , 1.859039335716221
473 , -14040.82268 , 5.44699207 , 7.58661092 , 102.5373501 , -0.28685504 , -17.08457631 , 1.8501372468605637
474 , -14040.43782 , 5.10496734 , 7.71991045 , 102.24051851 , -0.26522485 , -16.49454153 , 1.841594116365916
475 , -14040.03945 , 5.37881307 , 7.33062492 , 101.96940481 , -0.1935956 , -16.47278275 , 1.6718989302053524
476 , -14040.44931 , 4.59184584 , 7.73979914 , 101.26420085 , -0.27917347 , -16.49756492 , 1.8371631792482572
477 , -14039.92428 , 5.15285258 , 7.59991569 , 102.84895228 , -0.23334183 , -15.95888335 , 1.561781541734065
478 , -14040.12707 , 5.23920553 , 7.50596403 , 102.70209117 , -0.28692044 , -15.83787635 , 1.7045657111169747
479 , -14040.17308 , 5.22848629 , 7.55978466 , 102.43490887 , -0.18739574 , -16.34680171 , 1.6384371130701212
480 , -14040.22476 , 5.23555725 , 7.59437071 , 102.58527113 , -0.25494573 , -15.915521 , 1.7332721991803932
481 , -14040.41092 , 5.40402433 , 7.72538628 , 102.56670336 , -0.2870088 , -16.25200234 , 1.7559775483838704
482 , -14040.35442 , 5.09630968 , 7.66173261 , 102.60905732 , -0.2534182 , -16.77165545 , 1.6633489877529462
483 , -14040.61878 , 5.05053258 , 7.78988288 , 101.98754219 , -0.2522639 , -17.16510134 , 1.8072529136890563
484 , -14039.47584 , 4.95517798 , 7.65877378 , 104.3891247 , -0.16151456 , -15.69594001 , 1.408474534593229
485 , -14040.22594 , 4.87544052 , 7.47688418 , 101.31227578 , -0.22138053 , -16.73316355 , 1.7545013621548813
486 , -14040.08693 , 4.57460869 , 7.63649816 , 101.17753155 , -0.28793062 , -16.43570302 , 1.6456703076159613
487 , -14040.34705 , 5.4853797 , 7.56534806 , 102.74744635 , -0.20198295 , -16.52040599 , 1.749063092160876
488 , -14040.44156 , 5.37460879 , 7.66328887 , 102.63709631 , -0.2178693 , -16.55053763 , 1.735986109476242
489 , -14040.85862 , 4.95526442 , 7.47935405 , 102.12647617 , -0.28524978 , -17.44323952 , 1.8393406238588483
490 , -14040.84677 , 5.22447735 , 7.55120312 , 102.4117943 , -0.28127451 , -17.50095546 , 1.8484928374276957
491 , -14040.83477 , 5.22826194 , 7.54162817 , 102.43047984 , -0.28315559 , -17.48655335 , 1.8444235374609583
492 , -14040.88408 , 5.17492892 , 7.46871689 , 102.27768803 , -0.30344204 , -17.59187374 , 1.852294151242456
493 , -14040.05917 , 4.28759469 , 7.56948581 , 100.37715786 , -0.26307137 , -16.6930339 , 1.636277825066507
494 , -14040.46064 , 5.67759278 , 7.55952307 , 102.98991656 , -0.27383041 , -17.07694336 , 1.7621535734339788
495 , -14040.30858 , 5.03771218 , 7.58661799 , 102.15663051 , -0.24163409 , -16.32414108 , 1.7675834055287873
496 , -14039.73375 , 4.61087579 , 7.66372913 , 98.4661796 , -0.22716354 , -15.79241458 , 1.703582051533356
497 , -14040.7453 , 5.17483798 , 7.48101112 , 102.54768688 , -0.34153556 , -17.36879713 , 1.8022654007381014
498 , -14040.66329 , 5.29072682 , 7.66553102 , 102.57831274 , -0.26173686 , -16.54066424 , 1.7944663136039531
499 , -14040.35958 , 5.22135065 , 7.50023127 , 102.64263886 , -0.2488916 , -15.95267554 , 1.7283773626456909
500 , -14039.99593 , 4.88910216 , 7.61345008 , 101.68222928 , -0.23291431 , -16.0971232 , 1.6959967501407691
501 , -14040.22876 , 4.95251266 , 7.33865804 , 103.66178605 , -0.20029628 , -16.33594299 , 1.6666482441535784
502 , -14040.91848 , 5.4415135 , 7.54619349 , 102.53641851 , -0.32768414 , -17.75421847 , 1.8460624267039194
503 , -14040.01179 , 5.49847203 , 7.48673564 , 102.86621624 , -0.22935664 , -16.29098987 , 1.7037360200959644
504 , -14040.39286 , 5.32273598 , 7.76148028 , 102.02117176 , -0.2275568 , -16.78680749 , 1.721192530759956
505 , -14040.91523 , 5.44903196 , 7.55624553 , 102.62987325 , -0.33434347 , -17.80286433 , 1.850289418642245
506 , -14040.55027 , 5.17692485 , 7.56200344 , 101.80006737 , -0.27557184 , -15.90819261 , 1.8445548671310588
507 , -14040.37457 , 4.74738192 , 7.73036617 , 101.65606716 , -0.24137235 , -16.31941887 , 1.7973818978357883
508 , -14040.90647 , 5.25486507 , 7.51805964 , 101.9561505 , -0.33006417 , -17.72660368 , 1.8638253111958876
509 , -14040.86753 , 5.48288064 , 7.58762443 , 102.65595372 , -0.31322894 , -17.71817996 , 1.8371812427285266
510 , -14040.14077 , 5.70615884 , 7.27393988 , 103.44854754 , -0.25068846 , -16.73579505 , 1.7524643366509396
511 , -14040.02231 , 5.09616487 , 7.6265537 , 102.46573988 , -0.25101528 , -16.1629342 , 1.6612231932508055
512 , -14040.64205 , 5.20676844 , 7.45546112 , 102.41697575 , -0.30375497 , -17.15134824 , 1.768814906304107
513 , -14040.32022 , 5.44758516 , 7.60156094 , 102.92597338 , -0.23073109 , -16.89406443 , 1.6159074070011084
514 , -14040.46956 , 5.07683312 , 7.73430661 , 102.13960564 , -0.26880545 , -16.45958952 , 1.864915085440192
515 , -14040.61058 , 5.27796918 , 7.58957057 , 102.40216097 , -0.21003791 , -16.68426258 , 1.7010271613741514
516 , -14040.87436 , 4.95659623 , 7.45435381 , 98.31280396 , -0.31729432 , -17.46985232 , 1.8390542883389
517 , -14040.45533 , 5.81328734 , 7.43941214 , 102.99217698 , -0.2790896 , -17.01440269 , 1.7949643368044232
518 , -14040.36913 , 4.81494887 , 7.41315625 , 101.78244315 , -0.31006178 , -17.31549136 , 1.743162094640312
519 , -14040.65544 , 5.29728097 , 7.66685479 , 102.61266397 , -0.26141711 , -16.54741927 , 1.8094071947225392
520 , -14040.60525 , 4.81286145 , 7.49703601 , 98.34891756 , -0.2607687 , -16.44878145 , 1.7858998951703837
521 , -14040.34723 , 4.06240085 , 7.40933332 , 96.35532449 , -0.21963315 , -15.83367522 , 1.8053646952526676
522 , -14040.4744 , 5.09118698 , 7.72005263 , 102.18838975 , -0.27490584 , -16.5218135 , 1.8535837008561291
523 , -14040.20101 , 5.18319913 , 7.64647024 , 102.32794858 , -0.24888655 , -16.38333325 , 1.7433569471846004
524 , -14040.31384 , 5.28434688 , 7.63692543 , 102.42116459 , -0.20128714 , -16.18315783 , 1.663893877190862
525 , -14040.15243 , 4.98427705 , 7.75228439 , 102.13453591 , -0.2671902 , -15.80401477 , 1.7533252219169333
526 , -14040.15376 , 5.33407325 , 7.52594338 , 102.96699998 , -0.25777997 , -16.24683318 , 1.6953160168161616
527 , -14040.40888 , 4.85935076 , 7.48259306 , 101.59511872 , -0.27296593 , -16.51519137 , 1.6947604714808375
528 , -14040.9071 , 4.656973 , 7.89486604 , 101.15046517 , -0.29157653 , -17.22571037 , 1.8008990674764633
529 , -14040.33421 , 4.97616932 , 7.62153739 , 102.13430846 , -0.21072923 , -16.14153665 , 1.7522068931187924
530 , -14040.00855 , 4.58676868 , 6.96874787 , 101.38467212 , -0.22907981 , -16.28745537 , 1.6693290822034446
531 , -14039.86823 , 5.41540949 , 7.63653237 , 102.73562412 , -0.20821763 , -15.86848716 , 1.606931301364507
532 , -14040.49996 , 5.14641822 , 7.40372864 , 102.14633081 , -0.26107297 , -16.52398734 , 1.8541407942812738
533 , -14040.62288 , 5.02482963 , 7.23691185 , 97.73085799 , -0.24632763 , -16.32777255 , 1.7805664038185307
534 , -14040.90525 , 5.41639909 , 7.55795385 , 102.57438659 , -0.33046373 , -17.69746057 , 1.8549556865626653
535 , -14040.91203 , 5.45555081 , 7.53404699 , 102.61114702 , -0.32554106 , -17.72856893 , 1.8621129929646643
536 , -14040.8961 , 4.96241496 , 7.5594033 , 101.07622172 , -0.32821687 , -17.71233554 , 1.8463504102158985
537 , -14040.369 , 4.9683311 , 7.78218065 , 102.14824398 , -0.30518593 , -16.99892508 , 1.7307539613276233
538 , -14040.29909 , 5.43118093 , 7.36616804 , 102.94981517 , -0.26479307 , -16.92667212 , 1.7479286023177512
539 , -14040.29679 , 4.6332914 , 7.55832916 , 100.65042872 , -0.26796911 , -16.06553658 , 1.778589482130937
540 , -14040.3304 , 5.64008462 , 7.499681 , 102.77528561 , -0.21679397 , -16.67575803 , 1.7725010406599695
541 , -14040.46243 , 5.08452997 , 7.71679994 , 102.1658129 , -0.27556341 , -16.51790748 , 1.865596465937086
542 , -14040.5243 , 5.13965414 , 7.48818416 , 102.37360874 , -0.27947083 , -17.02777565 , 1.781358075863898
543 , -14040.65802 , 4.86944788 , 7.86397286 , 102.05101837 , -0.30360512 , -16.85830269 , 1.7168630326973482
544 , -14040.3591 , 5.05947496 , 7.70693388 , 102.30788771 , -0.24139605 , -16.42940108 , 1.8232472264972124
545 , -14040.45232 , 5.08583534 , 7.73336682 , 102.17629743 , -0.26861487 , -16.53240877 , 1.8509003721808024
546 , -14040.36301 , 5.15508586 , 7.63410404 , 102.36274966 , -0.25645653 , -16.56305821 , 1.6632900453824748
547 , -14040.00376 , 4.89312624 , 7.47772288 , 101.91434548 , -0.2354575 , -15.87218323 , 1.7553561596850713
548 , -14040.4721 , 5.334877 , 7.68958572 , 102.52477279 , -0.21218868 , -16.45481467 , 1.7344026022728227
549 , -14039.72832 , 5.07278928 , 7.50967185 , 102.43969214 , -0.24872168 , -16.09596814 , 1.659232419455172
550 , -14040.90586 , 5.47498325 , 7.51111183 , 102.56026216 , -0.29936425 , -17.50945536 , 1.8507850268451784
551 , -14040.91525 , 4.65381129 , 7.90277999 , 101.07065976 , -0.29294018 , -17.16273294 , 1.7926512255152944
552 , -14040.55923 , 5.23078366 , 7.79174454 , 102.42157153 , -0.27050342 , -16.21650185 , 1.7389939027675152
553 , -14040.8602 , 5.09280624 , 7.49382917 , 101.50150785 , -0.32858445 , -17.74250898 , 1.8537384778043753
554 , -14040.04236 , 5.38812342 , 7.57114726 , 102.65149699 , -0.18261806 , -15.66519913 , 1.6599254243406276
555 , -14040.84984 , 5.15258469 , 7.4876635 , 102.32735565 , -0.3264456 , -17.62288063 , 1.8484447929175989
556 , -14040.447 , 5.0903529 , 7.70064701 , 102.3067572 , -0.24615462 , -16.42843532 , 1.8520337504101902
557 , -14040.16518 , 5.14194947 , 7.5787745 , 101.84000222 , -0.2174695 , -16.3381801 , 1.7230217531967578
558 , -14040.41345 , 4.84649633 , 7.77031167 , 101.79298778 , -0.29256577 , -16.57689798 , 1.7466913111288773
559 , -14039.97724 , 5.19271718 , 7.49978911 , 102.59780889 , -0.20879615 , -15.98094241 , 1.7520873392979421
560 , -14040.643 , 4.9117963 , 7.82250415 , 102.05356535 , -0.26427647 , -16.84051697 , 1.8269869856646985
561 , -14040.36344 , 4.84708102 , 7.56068821 , 101.41679489 , -0.23255897 , -16.44534802 , 1.769354407631596
562 , -14040.46329 , 5.8267209 , 7.43848536 , 103.04002827 , -0.2784924 , -17.01172049 , 1.802843156234168
563 , -14040.90811 , 5.24594496 , 7.53235818 , 101.98928927 , -0.33259537 , -17.77111206 , 1.8622553761924125
564 , -14040.68474 , 5.47500797 , 7.55644477 , 102.6745816 , -0.2720534 , -17.06870588 , 1.83074984937777
565 , -14039.93492 , 4.34935881 , 7.78862653 , 101.15142196 , -0.28249966 , -15.89472966 , 1.6389851702499971
566 , -14040.91319 , 5.41798415 , 7.55637976 , 102.59072221 , -0.32504084 , -17.62710362 , 1.8562787191024304
567 , -14040.45724 , 4.70609898 , 7.7695851 , 101.21565695 , -0.23302907 , -16.28839537 , 1.7571457165716349
568 , -14040.40991 , 5.31651999 , 7.7601287 , 102.55668071 , -0.29300296 , -16.58939895 , 1.6948268244009284
569 , -14040.69835 , 5.12032207 , 7.62300667 , 102.24982816 , -0.29443593 , -16.76281378 , 1.7237687816300349
570 , -14040.37461 , 5.08002097 , 7.63871792 , 102.24732899 , -0.20882004 , -16.18903243 , 1.7731182190971624
571 , -14040.74356 , 5.4239805 , 7.51535343 , 102.85452964 , -0.27454978 , -16.93654237 , 1.7585634720926397
572 , -14040.60625 , 5.21156872 , 7.5961161 , 101.85346042 , -0.28699635 , -16.91395557 , 1.7372752077817661
573 , -14040.37049 , 5.1625004 , 7.63512692 , 102.8171234 , -0.28921375 , -16.87161176 , 1.5935100992579365
574 , -14040.76209 , 5.27965004 , 7.56511497 , 102.63182382 , -0.27538734 , -16.81608937 , 1.7387881034186041
575 , -14040.06217 , 5.01840316 , 7.7320735 , 101.95222564 , -0.22007569 , -16.40224219 , 1.685313151977822
576 , -14039.66874 , 5.41774222 , 7.5252532 , 102.95605869 , -0.2041804 , -16.22265257 , 1.4451826074514582
577 , -14040.6699 , 5.1583033 , 7.650078 , 101.76977625 , -0.28714883 , -16.99837858 , 1.7514236369957352
578 , -14039.89314 , 5.5706392 , 7.47443042 , 102.97024502 , -0.20870969 , -16.39985547 , 1.7226657568526837
579 , -14039.97031 , 4.93893943 , 7.48207332 , 101.74145594 , -0.24579004 , -16.02649954 , 1.4807699764678648
580 , -14040.40086 , 5.19395292 , 7.50700636 , 102.31100065 , -0.22323167 , -16.47399886 , 1.7471614794555228
581 , -14040.18002 , 5.42477282 , 7.4963508 , 102.86661188 , -0.27441295 , -16.94678521 , 1.7403399202122023
582 , -14040.50198 , 4.9157919 , 7.5177211 , 101.28574055 , -0.2879787 , -17.19941173 , 1.6923747361462946
583 , -14040.29768 , 5.58573366 , 7.63055851 , 102.96889867 , -0.26165894 , -17.05123727 , 1.7512825371292546
584 , -14040.18028 , 4.97724365 , 7.42510033 , 101.48218004 , -0.15782122 , -15.53026748 , 1.788353232337465
585 , -14040.26715 , 5.16352619 , 7.52726152 , 102.51790289 , -0.26116881 , -16.08311963 , 1.7743864245966594
586 , -14040.88732 , 5.24071132 , 7.53325432 , 101.95230436 , -0.33377443 , -17.77148147 , 1.8576369803851076
587 , -14040.59637 , 5.36306722 , 7.60985537 , 102.4514873 , -0.22312215 , -16.73798544 , 1.6822717286221038
588 , -14040.2816 , 5.17640714 , 7.60185407 , 102.38845597 , -0.23570026 , -16.14872517 , 1.832401086613547
589 , -14040.55684 , 5.29970153 , 7.58127069 , 102.63216846 , -0.26679586 , -16.72433383 , 1.8138894819757727
590 , -14040.48377 , 5.24762968 , 7.5849577 , 102.78916251 , -0.25563318 , -16.23461071 , 1.7755529255674258
591 , -14040.9053 , 5.17135397 , 7.44458164 , 102.26698536 , -0.29936762 , -17.0289642 , 1.8420268151669097
592 , -14040.92256 , 4.65636829 , 7.90007992 , 101.13676385 , -0.29159075 , -17.19046364 , 1.7954703388120932
593 , -14039.99632 , 5.14701636 , 7.76882249 , 102.44625218 , -0.24962916 , -15.97746951 , 1.7625711492710427
594 , -14040.82264 , 5.11218575 , 7.48632977 , 101.91640456 , -0.27753844 , -16.91052706 , 1.8407008504508475
595 , -14040.32813 , 5.66707428 , 7.48094273 , 102.81393947 , -0.21822051 , -16.70662646 , 1.7647611327342483
596 , -14040.61605 , 5.28832911 , 7.48172458 , 102.62902829 , -0.23471947 , -16.36744155 , 1.8300341522520154
597 , -14040.38252 , 5.1092637 , 7.64894321 , 102.48731425 , -0.25507679 , -16.4114874 , 1.833179511353184
598 , -14040.1606 , 5.23582271 , 7.66657324 , 102.77713334 , -0.24532939 , -16.26768019 , 1.748273829239138
599 , -14040.63712 , 5.12201918 , 7.59314264 , 101.36328435 , -0.26173643 , -16.91298199 , 1.8144835489268905
600 , -14040.01267 , 4.82943508 , 7.4889322 , 101.3823489 , -0.20405652 , -15.85381003 , 1.7521238281568607
601 , -14040.52685 , 5.13114251 , 7.51822363 , 102.29198885 , -0.27831445 , -17.02160491 , 1.790610811132911
602 , -14040.48587 , 5.38892838 , 7.62296421 , 102.69764764 , -0.28805127 , -16.71891549 , 1.7150830676862039
603 , -14040.9189 , 5.46037377 , 7.51611756 , 102.63608026 , -0.30719946 , -17.51103757 , 1.853246731052277
604 , -14039.43755 , 5.39910128 , 7.71843746 , 99.62062851 , -0.20841415 , -15.34303465 , 1.6819085410416958
605 , -14040.51612 , 5.33532803 , 7.57143584 , 102.71237208 , -0.23365465 , -16.37560846 , 1.7973623900226703
606 , -14040.5361 , 5.1191765 , 7.69462358 , 102.25205438 , -0.26470322 , -16.38357617 , 1.8705816329528948
607 , -14040.87676 , 4.83571575 , 7.8794845 , 101.77896351 , -0.26162811 , -16.59180208 , 1.810405230816276
608 , -14040.42492 , 5.11359823 , 7.70437656 , 102.32913711 , -0.25639101 , -16.40480716 , 1.8309264888463894
609 , -14040.45643 , 4.54968302 , 7.76506881 , 101.0444617 , -0.27539403 , -16.56571618 , 1.8487599295821104
610 , -14040.90979 , 5.45435792 , 7.53801739 , 102.56873501 , -0.32689631 , -17.73527026 , 1.8516643012613205
611 , -14040.18804 , 5.22644996 , 7.63780138 , 102.64408699 , -0.31385251 , -16.96611508 , 1.6517456322160025
612 , -14040.38512 , 5.67236261 , 7.39963655 , 102.96407458 , -0.27581512 , -16.72441627 , 1.7295256450514989
613 , -14040.3756 , 5.06818958 , 7.64506363 , 101.62116544 , -0.26953772 , -16.15431698 , 1.779239462706175
614 , -14040.5979 , 4.59210058 , 7.41802743 , 100.25563935 , -0.24364347 , -16.52028943 , 1.7568005256128616
615 , -14040.22132 , 3.97474588 , 7.5303982 , 100.51425395 , -0.26523517 , -16.41049389 , 1.6925903897659018
616 , -14040.00017 , 5.17109701 , 7.53880795 , 102.40910118 , -0.24891468 , -16.69738244 , 1.7478578908485185
617 , -14040.43163 , 5.40817112 , 7.58566821 , 102.67589835 , -0.21208779 , -16.75648909 , 1.7252314734779066
618 , -14040.49172 , 4.55035491 , 7.85527242 , 101.56575851 , -0.26756564 , -16.36538436 , 1.7303159075118424
619 , -14040.1558 , 4.34578579 , 7.72081249 , 100.59575607 , -0.21633321 , -16.28391927 , 1.6829350006705548
620 , -14040.21131 , 5.10248575 , 7.80632698 , 102.55114792 , -0.31571632 , -16.36237402 , 1.542323806273942
621 , -14039.67676 , 5.43232973 , 7.5697189 , 104.01656251 , -0.22835347 , -14.7716342 , 1.4543046345376076
622 , -14040.34015 , 4.73469814 , 7.97239001 , 101.81863497 , -0.27306136 , -16.60744868 , 1.6993775290887385
623 , -14040.36826 , 4.91690142 , 7.69716203 , 102.10706997 , -0.28510065 , -16.49019271 , 1.7076886178576902
624 , -14040.73266 , 5.322012 , 7.67544799 , 102.67632643 , -0.25302051 , -16.51037778 , 1.8199792719680163
625 , -14040.28238 , 5.20330874 , 7.57704965 , 102.42806628 , -0.22124159 , -16.1890661 , 1.8237348665317543
626 , -14040.37459 , 5.17815097 , 7.55837145 , 102.67696721 , -0.23911139 , -15.88176637 , 1.772555417815987
627 , -14040.47885 , 5.32351252 , 7.42115723 , 102.72376687 , -0.25880389 , -16.58063871 , 1.848069214447317
628 , -14040.69251 , 5.4233866 , 7.5375305 , 102.73031559 , -0.27384518 , -16.68803383 , 1.7448411276828841
629 , -14040.49419 , 4.94113467 , 7.3700731 , 101.46155524 , -0.23646177 , -16.45363901 , 1.8474643098432268
630 , -14040.32391 , 5.55900872 , 7.44888309 , 103.15814603 , -0.2660811 , -16.70476548 , 1.7601326864773752
631 , -14040.69439 , 5.29644634 , 7.76563775 , 102.60978462 , -0.26637085 , -16.73334224 , 1.7488231532716727
632 , -14040.54622 , 5.29373373 , 7.57902142 , 102.58173711 , -0.26646861 , -16.74664023 , 1.8171678717835908
633 , -14040.22092 , 5.0340086 , 7.4015435 , 98.63128578 , -0.23713507 , -16.2447168 , 1.7091807622818584
634 , -14040.91153 , 4.31905171 , 7.83843269 , 100.04270091 , -0.28527217 , -17.15638789 , 1.7933549767387218
635 , -14040.18063 , 5.26565052 , 7.71352743 , 102.84295075 , -0.26300329 , -16.10630642 , 1.7302675185699734
636 , -14040.53561 , 5.16142419 , 7.46209713 , 102.42033132 , -0.28216587 , -17.05795665 , 1.764804265069123
637 , -14040.69861 , 5.18804282 , 7.47857464 , 102.59006493 , -0.34081436 , -17.38544415 , 1.8087444260938184
638 , -14040.37211 , 5.31232469 , 7.608924 , 102.85892213 , -0.26693726 , -16.40975989 , 1.6079199247362632
639 , -14040.9014 , 5.47129366 , 7.52821271 , 102.61307507 , -0.32216979 , -17.69524913 , 1.8615032230544877
640 , -14040.40985 , 5.11074367 , 7.64938895 , 102.46735256 , -0.24873026 , -16.37532971 , 1.8356292612489
641 , -14040.60662 , 5.20752977 , 7.50072051 , 102.03740127 , -0.23407119 , -16.84316071 , 1.739535698745508
642 , -14040.41037 , 5.49540995 , 7.73107625 , 102.76631804 , -0.26359158 , -16.90602737 , 1.7589177184936384
643 , -14040.09802 , 5.28133624 , 7.64495673 , 102.9172613 , -0.27245254 , -16.09431861 , 1.4911021142332703
644 , -14040.63162 , 5.82772897 , 7.3461419 , 102.8324208 , -0.24797922 , -16.79709282 , 1.7793642071841842
645 , -14040.06008 , 5.05132318 , 7.78568311 , 102.39030086 , -0.25911118 , -16.32893998 , 1.7153056664832103
646 , -14040.51606 , 5.62660174 , 7.43022551 , 103.15198052 , -0.22932058 , -16.65342723 , 1.7579653460100542
647 , -14040.84717 , 5.42743631 , 7.56805626 , 102.65882098 , -0.28331481 , -17.20787963 , 1.8436065096315195
648 , -14040.49669 , 5.51196365 , 7.62188459 , 102.75032423 , -0.23357534 , -17.17955199 , 1.7574887041833502
649 , -14039.69655 , 4.4224208 , 7.5666005 , 101.62517692 , -0.19447198 , -15.41564756 , 1.652441345356807
650 , -14040.62513 , 5.43678263 , 7.73135233 , 102.50164459 , -0.23595179 , -16.83326334 , 1.762192412700604
651 , -14040.46935 , 5.09251631 , 7.71866836 , 102.25767939 , -0.2753365 , -16.52497183 , 1.8577406361052224
652 , -14039.8006 , 5.06292357 , 7.60725333 , 102.46148681 , -0.18415941 , -15.60785143 , 1.6807472152328824
653 , -14040.10942 , 4.7002114 , 7.88325045 , 101.87974839 , -0.27562321 , -16.09649874 , 1.6093472260352653
654 , -14040.45034 , 4.8390346 , 7.54376935 , 101.58291174 , -0.25397286 , -16.12245941 , 1.7687129847083658
655 , -14040.54304 , 4.86040839 , 7.84371916 , 101.85879902 , -0.27545967 , -16.59880229 , 1.800516617634196
656 , -14040.68406 , 5.48956616 , 7.58902817 , 102.67256261 , -0.28950727 , -17.39060828 , 1.7989886694633217
657 , -14040.60827 , 5.11717376 , 7.42651211 , 102.08329969 , -0.22536421 , -16.33160931 , 1.8221360044957102
658 , -14040.53257 , 5.05317542 , 7.56071752 , 102.11025995 , -0.27863142 , -17.06163591 , 1.7257178294698776
659 , -14040.32046 , 5.08502052 , 7.60326046 , 102.21393377 , -0.24336169 , -16.63160935 , 1.7685693274660272
660 , -14040.38955 , 5.28244784 , 7.4619196 , 102.71891892 , -0.23648871 , -16.22705697 , 1.7802887520272894
661 , -14040.26648 , 5.21187125 , 7.57850981 , 102.46676476 , -0.22047206 , -16.19810774 , 1.8264791855163267
662 , -14040.86712 , 5.19720126 , 7.54129961 , 101.84667148 , -0.32913899 , -17.70349274 , 1.8469189668545445
663 , -14040.47372 , 5.16418498 , 7.38883632 , 102.18982235 , -0.25133384 , -16.55975199 , 1.849379698359761
664 , -14040.4327 , 5.10619783 , 7.7083011 , 102.28441059 , -0.25536293 , -16.40074306 , 1.8390899152492577
665 , -14040.3991 , 4.80902921 , 7.46647665 , 101.26940014 , -0.21993821 , -16.3569893 , 1.7026403908560948
666 , -14040.91502 , 5.46776316 , 7.52296133 , 102.59782653 , -0.31120314 , -17.66708214 , 1.8468618744942806
667 , -14040.01027 , 4.96447289 , 7.61077 , 104.79988354 , -0.23967702 , -16.21733282 , 1.6140702269398486
668 , -14040.52772 , 4.87609163 , 7.54421464 , 101.30864641 , -0.20029629 , -16.52424437 , 1.7360581819718663
669 , -14040.08802 , 4.75254217 , 7.59566204 , 98.44122994 , -0.26943274 , -16.14735391 , 1.7038546642027728
670 , -14040.51441 , 5.27473292 , 7.7243343 , 102.75600709 , -0.28255682 , -16.89805909 , 1.743113172986752
671 , -14040.29761 , 4.56242728 , 7.45647111 , 97.82137602 , -0.24099855 , -16.05628292 , 1.6928426292233174
672 , -14040.38179 , 4.87531714 , 7.74727724 , 102.0473802 , -0.26898492 , -16.22698646 , 1.7284378458796161
673 , -14040.0761 , 5.43163618 , 7.5940006 , 102.53666593 , -0.21960816 , -16.49421266 , 1.768390290881424
674 , -14040.29944 , 5.37019167 , 7.66991771 , 102.6767114 , -0.28243447 , -17.01700626 , 1.7583747591367873
675 , -14039.88803 , 5.28115544 , 7.51346451 , 102.52345286 , -0.20714382 , -15.24076554 , 1.7254069271160386
676 , -14040.66208 , 5.22863259 , 7.81599927 , 102.16179225 , -0.25897711 , -16.8073379 , 1.7293701571615319
677 , -14039.78099 , 4.44326945 , 7.66881648 , 97.5440579 , -0.21927599 , -15.30822886 , 1.7574089169439113
678 , -14040.62965 , 5.64798459 , 7.34162674 , 102.21241324 , -0.24435873 , -16.76814945 , 1.7865126130440336
679 , -14040.46196 , 4.65211916 , 6.91154804 , 101.49094309 , -0.2501091 , -16.28943439 , 1.7739321289026528
680 , -14040.26328 , 5.30601806 , 7.51090161 , 102.57407143 , -0.23843175 , -16.89838436 , 1.685558173150308
681 , -14040.57463 , 5.38991859 , 7.59553603 , 102.49875213 , -0.22761163 , -16.74779486 , 1.6946672185192653
682 , -14040.54351 , 4.84891117 , 7.66894135 , 101.98429064 , -0.25858711 , -16.77204699 , 1.7626050878105939
683 , -14039.9005 , 5.14260896 , 7.65475595 , 102.58631823 , -0.22889524 , -16.04611869 , 1.7250085498218917
684 , -14040.81922 , 5.2492799 , 7.41633054 , 102.216333 , -0.31271502 , -17.6289046 , 1.846563595748735
685 , -14039.01608 , 3.32402754 , 7.92183338 , 97.40108566 , -0.20583877 , -14.93163956 , 1.5224788427502036
686 , -14039.70045 , 5.12993102 , 7.24588463 , 98.45478101 , -0.20107942 , -16.17100213 , 1.7157200174716656
687 , -14040.6269 , 4.83168021 , 7.40552658 , 98.36605044 , -0.24963503 , -16.10781019 , 1.83547698458008
688 , -14040.39738 , 5.03194472 , 7.55182278 , 102.06854373 , -0.22188774 , -16.23454306 , 1.8408564417615185
689 , -14040.08868 , 5.14466494 , 7.7336835 , 102.47610564 , -0.23786327 , -15.92341105 , 1.731658391914487
690 , -14040.41877 , 5.12213715 , 7.66285233 , 102.22397007 , -0.2629706 , -16.50196553 , 1.7182116256100433
691 , -14040.90233 , 5.46641266 , 7.53201679 , 102.64123582 , -0.32322521 , -17.71025902 , 1.8595303819701587
692 , -14040.55202 , 4.83415128 , 7.68229548 , 101.9277774 , -0.25085508 , -16.69080056 , 1.7571889873018791
693 , -14039.87315 , -0.202654 , 7.75834148 , 102.7927747 , -0.25553294 , -16.20969373 , 1.6060306223266567
694 , -14039.94413 , 4.69949131 , 7.90305398 , 101.6424244 , -0.25615978 , -15.60151592 , 1.6831737525454051
695 , -14040.46068 , 4.75663099 , 7.65925582 , 101.18003661 , -0.2696402 , -16.47962229 , 1.8481145508375338
696 , -14040.59538 , 4.81061182 , 7.45889409 , 101.36116958 , -0.28867591 , -16.31090517 , 1.7455436943623832
697 , -14038.94344 , 4.68195817 , 7.47136256 , 102.95757167 , -0.25719755 , -15.88631213 , 1.6101476433997752
698 , -14040.49299 , 4.98622148 , 7.48084717 , 101.53717935 , -0.26312406 , -16.73481542 , 1.8216379690288937
699 , -14040.8665 , 4.82737925 , 7.85245965 , 101.72039343 , -0.2599066 , -16.58081029 , 1.8071411718568255
700 , -14040.70353 , 5.44438186 , 7.68980627 , 102.5646339 , -0.2460971 , -16.97218987 , 1.7983306066005622
701 , -14040.3278 , 5.09145965 , 7.61600066 , 102.3151871 , -0.26536595 , -16.55296586 , 1.8039630756493144
702 , -14040.91249 , 4.67439408 , 7.90200829 , 101.16379625 , -0.29265808 , -17.2080167 , 1.8030864644264673
703 , -14040.58964 , 5.5205394 , 7.39671056 , 102.32919178 , -0.3013773 , -17.02808726 , 1.7892130182842687
704 , -14040.28452 , 5.60237043 , 7.5353261 , 103.11320215 , -0.24852668 , -16.7831581 , 1.6696390438226194
705 , -14040.17617 , 4.82181191 , 7.78344493 , 102.08657629 , -0.32718596 , -16.06663884 , 1.740570044363271
706 , -14040.61765 , 5.31265953 , 7.52835076 , 102.59041983 , -0.28162163 , -16.97017842 , 1.7718561364652146
707 , -14040.54939 , 5.30074052 , 7.45359999 , 102.71025838 , -0.22848662 , -16.36996446 , 1.8320956187380673
708 , -14039.90825 , 5.33421091 , 7.48845491 , 102.78525983 , -0.1996209 , -15.39676239 , 1.5319730360593047
709 , -14039.49888 , 5.21118897 , 7.67043172 , 102.49169378 , -0.21382077 , -15.25853034 , 1.5905216920335097
710 , -14040.50181 , 4.80477396 , 7.72075862 , 102.017354 , -0.3000123 , -16.78353709 , 1.7553450587238264
711 , -14040.08097 , 5.50989791 , 7.54394183 , 102.79595067 , -0.15860095 , -15.804659 , 1.666961513665332
712 , -14040.2727 , 4.90204004 , 7.69550262 , 102.23169593 , -0.29969825 , -17.18647529 , 1.706787698666417
713 , -14040.45027 , 5.2526851 , 7.59177097 , 102.62939247 , -0.28637418 , -16.59517877 , 1.7368033145440172
714 , -14039.61297 , 4.37450281 , 7.23954224 , 94.53785773 , -0.17862907 , -15.41259824 , 1.6207546394461694
715 , -14040.30891 , 4.55252159 , 7.36298297 , 94.4709523 , -0.2496578 , -16.15023215 , 1.768389335772171
716 , -14039.92743 , 5.03533052 , 7.59292372 , 102.35468898 , -0.21319967 , -15.89561655 , 1.741054996503648
717 , -14040.5949 , 4.86635459 , 7.47200675 , 101.21821907 , -0.2276316 , -16.64408855 , 1.7423897309586134
718 , -14040.88238 , 5.43140166 , 7.60763451 , 102.57547927 , -0.26708982 , -17.00200391 , 1.8121780065013746
719 , -14040.37189 , 5.07713633 , 7.67827892 , 102.45198007 , -0.24671678 , -16.37133683 , 1.8086805531989127
720 , -14040.64767 , 5.37627919 , 7.49121121 , 102.92479233 , -0.25415627 , -16.34766071 , 1.7961147281109395
721 , -14040.86737 , 5.30446615 , 7.49753109 , 102.09669112 , -0.31875282 , -17.63683517 , 1.8558281825549738
722 , -14039.38143 , 3.93614245 , 7.57052312 , 102.82716318 , -0.2016238 , -14.8730998 , 1.5224446106086065
723 , -14039.87691 , 4.88164717 , 7.7798343 , 101.86709396 , -0.20830457 , -15.65089444 , 1.694944817315006
724 , -14040.28832 , 4.88268406 , 7.65972865 , 98.06523783 , -0.25850867 , -16.25629957 , 1.7766590235150819
725 , -14040.71036 , 4.90607887 , 7.50348615 , 98.41824593 , -0.25625484 , -16.33481943 , 1.7283505515305804
726 , -14039.982 , 5.03739659 , 7.84092183 , 102.38057726 , -0.23449099 , -15.71791384 , 1.688366454683127
727 , -14040.23346 , 5.10215099 , 7.69048854 , 102.3478495 , -0.26058243 , -16.12508487 , 1.7594151176385113
728 , -14040.62096 , 5.31393107 , 7.42997468 , 102.69810626 , -0.22407118 , -16.46006853 , 1.820993332708048
729 , -14040.52966 , 5.10384674 , 7.61720267 , 102.20589737 , -0.29572045 , -17.17370645 , 1.7434471991776317
730 , -14039.84501 , 4.91730068 , 7.4521827 , 101.76592597 , -0.2259692 , -16.37148064 , 1.6383189566288776
731 , -14039.99909 , 5.20495131 , 7.48813134 , 102.59754724 , -0.20142533 , -15.89199541 , 1.735443379625838
732 , -14040.36392 , 4.93617264 , 7.58997783 , 101.83165058 , -0.26821197 , -16.5685696 , 1.7795286640404826
733 , -14040.53506 , 5.38421442 , 7.60589529 , 102.66261673 , -0.22702538 , -16.13659127 , 1.7511297299475108
734 , -14040.43398 , 5.06726146 , 7.62212595 , 102.49955526 , -0.25938896 , -16.09065078 , 1.7627360086496757
735 , -14040.37822 , 4.88624645 , 7.68524684 , 102.2586283 , -0.29190719 , -16.78021832 , 1.7095694929717868
736 , -14040.20216 , 5.53064411 , 7.83037757 , 102.78629916 , -0.24288392 , -16.68447735 , 1.6868235493395347
737 , -14040.60173 , 5.6519499 , 7.45551372 , 102.91996477 , -0.2993522 , -17.065777 , 1.8086578767472559
738 , -14040.46747 , 5.35782771 , 7.678463 , 102.57957621 , -0.21384773 , -16.48285295 , 1.7350326790679698
739 , -14040.65354 , 4.73826165 , 7.53806871 , 101.27878386 , -0.28033641 , -16.91456729 , 1.8129778319242729
740 , -14040.73723 , 5.74613951 , 7.68438305 , 101.66127658 , -0.28235417 , -16.54287942 , 1.8020492740383431
741 , -14040.14025 , 5.00687753 , 7.36894817 , 98.87944296 , -0.26816756 , -16.72462744 , 1.7618714550254249
742 , -14040.90747 , 5.11559805 , 7.61629622 , 102.00837091 , -0.34774055 , -17.51939781 , 1.8514791915816862
743 , -14040.59442 , 5.77133114 , 7.32892219 , 102.97119367 , -0.30902603 , -17.14062371 , 1.8109767319626526
744 , -14040.84899 , 5.3074618 , 7.46772767 , 102.62147867 , -0.26641109 , -17.04736573 , 1.835534276052037
745 , -14040.38907 , 5.12265628 , 7.61655489 , 102.35271423 , -0.27587794 , -16.63589629 , 1.7917097110563949
746 , -14040.37022 , 5.10711083 , 7.7163527 , 102.36875069 , -0.26499139 , -16.38122949 , 1.8193781717376563
747 , -14040.45807 , 5.09385801 , 7.70524878 , 102.39494933 , -0.2742191 , -16.46842013 , 1.8507490829365258
748 , -14040.43489 , 5.19533359 , 7.55219664 , 102.63281421 , -0.24845044 , -15.9165113 , 1.7984115935616247
749 , -14040.18495 , 5.43020416 , 7.52774654 , 102.9501047 , -0.25918942 , -16.73037093 , 1.7473703775281317
750 , -14040.18198 , 4.76925149 , 7.742058 , 101.36455417 , -0.21979308 , -15.84563393 , 1.6773656833338757
751 , -14040.0984 , 5.11341934 , 7.6874965 , 102.45917984 , -0.22369353 , -16.03277696 , 1.7094976114537737
752 , -14040.18898 , 5.38412124 , 7.72553225 , 102.73475887 , -0.26971852 , -16.73644426 , 1.7066856851288734
753 , -14040.08341 , 5.13509105 , 7.54667544 , 102.749941 , -0.24614656 , -15.66101183 , 1.564565479039857
754 , -14039.52067 , 4.19680471 , 7.10334497 , 90.75617952 , -0.18189242 , -15.04577491 , 1.7360729052947408
755 , -14040.36406 , 4.92819842 , 7.43292051 , 101.48705736 , -0.26701073 , -16.69706602 , 1.707323678639938
756 , -14040.21729 , 5.44092505 , 7.69008961 , 102.54929969 , -0.23382327 , -15.55633643 , 1.7446670014888292
757 , -14040.10276 , 4.98948461 , 7.75750897 , 101.62936308 , -0.26290431 , -15.80500767 , 1.7095361083655582
758 , -14039.98344 , 4.94821257 , 7.78804695 , 102.67243907 , -0.27750534 , -16.63272972 , 1.4786517628839169
759 , -14040.43849 , 5.35424402 , 7.51114794 , 102.71869185 , -0.2664433 , -16.89352786 , 1.845200164701963
760 , -14040.80536 , 5.42306809 , 7.58987235 , 102.62784627 , -0.27795044 , -17.18650263 , 1.818445668186169
761 , -14040.26487 , 5.54192624 , 7.52381047 , 103.02024163 , -0.25748061 , -16.86615702 , 1.6553751778801737
762 , -14040.57283 , 4.38920868 , 7.6056641 , 102.83890999 , -0.2724397 , -17.03407992 , 1.748052985675043
763 , -14040.53727 , 4.93962558 , 7.37586997 , 101.49128304 , -0.25142869 , -16.4131075 , 1.8528916284238632
764 , -14040.6729 , 5.82618515 , 7.32397423 , 103.35865807 , -0.24743366 , -16.71430896 , 1.793231130749493
765 , -14040.56983 , 5.77033712 , 7.22654158 , 103.39420668 , -0.31463099 , -16.81372726 , 1.7721107257756283
766 , -14040.44933 , 5.64277798 , 7.56993865 , 102.89429213 , -0.27494515 , -17.04409699 , 1.778862068816478
767 , -14040.17604 , 4.94320913 , 7.70296872 , 101.91945627 , -0.27160921 , -16.33068284 , 1.682516976109194
768 , -14040.57034 , 5.53885725 , 7.49654812 , 102.73230366 , -0.30398124 , -17.07948221 , 1.7902759167551299
769 , -14040.57593 , 4.68662642 , 7.52696513 , 97.81634393 , -0.26632598 , -16.44563707 , 1.7636597464352983
770 , -14040.51733 , 5.34177626 , 7.72680832 , 102.44633158 , -0.20997733 , -16.37640145 , 1.7514746215919659
771 , -14040.86817 , 5.46341806 , 7.56809072 , 102.63627352 , -0.32363259 , -17.7805195 , 1.8440067960085873
772 , -14040.18788 , 5.2959605 , 7.61284515 , 102.85292063 , -0.27482482 , -16.64705475 , 1.6731075765229964
773 , -14040.22239 , 4.59389648 , 7.55737309 , 99.92471205 , -0.21554032 , -16.63725683 , 1.7770391732251567
774 , -14040.65774 , 5.36570979 , 7.51051985 , 102.91344431 , -0.24249907 , -16.3256094 , 1.776187227493018
775 , -14040.12879 , 5.14605441 , 7.51791046 , 102.44246001 , -0.22505869 , -16.0387688 , 1.7279758501738933
776 , -14040.40977 , 5.27781651 , 7.60606803 , 102.74979473 , -0.26628954 , -16.32532449 , 1.7660302591552253
777 , -14040.50631 , 4.77086719 , 7.84941595 , 101.96150609 , -0.33947445 , -16.3034228 , 1.7152081652750504
778 , -14040.68131 , 5.39672845 , 7.54618436 , 102.6923151 , -0.27920124 , -16.71662856 , 1.7318020528410865
779 , -14040.5014 , 4.68415736 , 7.6364622 , 101.74708014 , -0.30995085 , -16.57836819 , 1.7286897556372773
780 , -14040.71416 , 5.13595389 , 7.4896719 , 102.4940044 , -0.34029364 , -17.31632112 , 1.812701604934393
781 , -14040.68788 , 5.07806449 , 7.0702 , 101.56956996 , -0.26430481 , -17.08205251 , 1.8273983176143187
782 , -14039.84295 , 4.74533794 , 7.57625835 , 97.89748186 , -0.21201173 , -15.97709566 , 1.659772623575809
783 , -14040.05825 , 5.17603673 , 7.48329673 , 102.34010076 , -0.25182034 , -15.94144088 , 1.7037860860846838
784 , -14040.56611 , 5.3738445 , 7.59214588 , 102.64105447 , -0.26269974 , -16.82934398 , 1.6998123496348645
785 , -14040.00399 , 4.96368213 , 8.11006362 , 101.79717989 , -0.21997289 , -15.8372668 , 1.6978961888793362
786 , -14039.7172 , 4.92997226 , 7.49777696 , 101.82114196 , -0.24101139 , -16.29920333 , 1.6761714462364863
787 , -14040.55976 , 5.19845668 , 7.63943704 , 102.40193188 , -0.30277997 , -15.95238019 , 1.7975306257897945
788 , -14040.53948 , 5.37340939 , 7.59004482 , 102.42494094 , -0.2770635 , -15.95779932 , 1.8470469732996624
789 , -14040.31296 , 4.75816833 , 7.697736 , 101.65065759 , -0.22631244 , -16.14230144 , 1.8148563501510608
790 , -14040.56714 , 5.41597239 , 7.5087243 , 102.61379949 , -0.29651102 , -16.69507891 , 1.8418246186227738
791 , -14040.50231 , 5.39658246 , 7.55791854 , 102.43207886 , -0.29843419 , -16.54837962 , 1.8212133303667102
792 , -14040.5224 , 5.08966764 , 7.83567931 , 102.14902049 , -0.30147766 , -16.43424521 , 1.7757970738139726
793 , -14040.70545 , 4.84311002 , 7.93253686 , 101.7416539 , -0.29490104 , -17.22898022 , 1.839301319864636
794 , -14040.60043 , -0.882022 , 7.65720378 , 102.02818236 , -0.28828279 , -17.20225276 , 1.8225335917144707
795 , -14040.4311 , 4.87312138 , 7.81983428 , 102.01114449 , -0.2895159 , -16.79510024 , 1.7330871798652083
796 , -14040.52271 , 0.0 , 7.43840198 , 102.7480621 , -0.26984755 , -16.5274857 , 1.8535762963571913
797 , -14040.81922 , 5.43098962 , 7.59796625 , 102.60011948 , -0.27511223 , -17.1331962 , 1.7987711209474984
798 , -14040.58865 , 4.81106117 , 7.65567389 , 101.9946142 , -0.27385686 , -16.8286846 , 1.8035469392677907
799 , -14040.62609 , 4.89552958 , 7.68188008 , 102.0752824 , -0.29122371 , -17.08266323 , 1.8275489981667035
800 , -14040.40688 , 4.89427298 , 7.83016657 , 108.24281766 , -0.26254856 , -16.97639759 , 1.8598694680429402
801 , -14040.57705 , 5.24579846 , 7.71183829 , 109.80604238 , -0.31024233 , -17.29377757 , 1.8394158406924397
